species,country,date,anomaly
Acacia saligna,AT,2016-06-19,Yes
Acacia saligna,AT,2019-05-26,Yes
Acacia saligna,BE,2021-02-14,Yes
Acacia saligna,BG,2022-11-13,Yes
Acacia saligna,CY,2017-04-23,Yes
Acacia saligna,CY,2021-05-02,Yes
Acacia saligna,DE,2020-07-12,Yes
Acacia saligna,DE,2023-05-07,Yes
Acacia saligna,DE,2023-10-22,Yes
Acacia saligna,DE,2024-03-17,Yes
Acacia saligna,DK,2022-01-30,Yes
Acacia saligna,DK,2022-11-13,Yes
Acacia saligna,ES,2022-03-13,Yes
Acacia saligna,ES,2022-03-20,Yes
Acacia saligna,FI,2017-11-26,Yes
Acacia saligna,FI,2021-10-31,Yes
Acacia saligna,FR,2016-01-10,Yes
Acacia saligna,FR,2016-05-08,Yes
Acacia saligna,FR,2020-06-14,Yes
Acacia saligna,GB,2016-09-18,Yes
Acacia saligna,GB,2017-09-10,Yes
Acacia saligna,GR,2017-08-13,Yes
Acacia saligna,GR,2018-01-28,Yes
Acacia saligna,GR,2019-12-01,Yes
Acacia saligna,GR,2024-06-02,Yes
Acacia saligna,HR,2022-01-02,Yes
Acacia saligna,HU,2017-04-30,Yes
Acacia saligna,IE,2017-02-05,Yes
Acacia saligna,IE,2022-10-02,Yes
Acacia saligna,IE,2023-03-19,Yes
Acacia saligna,IT,2022-04-24,Yes
Acacia saligna,IT,2023-03-05,Yes
Acacia saligna,IT,2023-03-19,Yes
Acacia saligna,IT,2023-03-26,Yes
Acacia saligna,LT,2016-01-17,Yes
Acacia saligna,LT,2019-04-21,Yes
Acacia saligna,LT,2019-12-22,Yes
Acacia saligna,LU,2016-04-17,Yes
Acacia saligna,LU,2019-07-28,Yes
Acacia saligna,LU,2020-04-05,Yes
Acacia saligna,MT,2017-02-12,Yes
Acacia saligna,MT,2021-04-11,Yes
Acacia saligna,MT,2022-10-30,Yes
Acacia saligna,NL,2016-05-01,Yes
Acacia saligna,NL,2021-10-31,Yes
Acacia saligna,NL,2022-04-10,Yes
Acacia saligna,NL,2022-08-07,Yes
Acacia saligna,PL,2020-07-26,Yes
Acacia saligna,PL,2024-05-26,Yes
Acacia saligna,PT,2021-08-08,Yes
Acacia saligna,RO,2016-01-10,Yes
Acacia saligna,RO,2019-04-14,Yes
Acacia saligna,SE,2021-07-18,Yes
Acacia saligna,SE,2021-11-07,Yes
Acacia saligna,SI,2021-01-03,Yes
Acacia saligna,SI,2021-07-18,Yes
Acacia saligna,SK,2019-12-08,Yes
Acacia saligna,SK,2023-10-22,Yes
Acridotheres tristis,AT,2019-08-04,Yes
Acridotheres tristis,BE,2023-09-10,Yes
Acridotheres tristis,BE,2024-08-11,Yes
Acridotheres tristis,BG,2016-08-07,Yes
Acridotheres tristis,BG,2016-08-28,Yes
Acridotheres tristis,BG,2017-03-19,Yes
Acridotheres tristis,BG,2018-07-15,Yes
Acridotheres tristis,CY,2017-08-13,Yes
Acridotheres tristis,CY,2020-12-27,Yes
Acridotheres tristis,CY,2023-06-04,Yes
Acridotheres tristis,CY,2023-10-01,Yes
Acridotheres tristis,CZ,2020-02-23,Yes
Acridotheres tristis,CZ,2022-10-30,Yes
Acridotheres tristis,CZ,2023-08-27,Yes
Acridotheres tristis,CZ,2023-10-22,Yes
Acridotheres tristis,DE,2016-01-31,Yes
Acridotheres tristis,DE,2018-01-14,Yes
Acridotheres tristis,DE,2018-05-13,Yes
Acridotheres tristis,DE,2022-05-15,Yes
Acridotheres tristis,EE,2019-07-21,Yes
Acridotheres tristis,EE,2022-08-21,Yes
Acridotheres tristis,ES,2016-05-08,Yes
Acridotheres tristis,ES,2018-07-29,Yes
Acridotheres tristis,ES,2021-07-25,Yes
Acridotheres tristis,FI,2023-12-24,Yes
Acridotheres tristis,FR,2016-05-22,Yes
Acridotheres tristis,FR,2020-04-26,Yes
Acridotheres tristis,FR,2024-05-19,Yes
Acridotheres tristis,FR,2024-06-02,Yes
Acridotheres tristis,GB,2016-03-20,Yes
Acridotheres tristis,GB,2018-03-25,Yes
Acridotheres tristis,GB,2021-07-11,Yes
Acridotheres tristis,GB,2021-08-08,Yes
Acridotheres tristis,GR,2019-09-15,Yes
Acridotheres tristis,GR,2022-01-30,Yes
Acridotheres tristis,HR,2018-04-08,Yes
Acridotheres tristis,HR,2018-07-29,Yes
Acridotheres tristis,HR,2020-05-24,Yes
Acridotheres tristis,HR,2023-05-14,Yes
Acridotheres tristis,IE,2017-05-14,Yes
Acridotheres tristis,IT,2017-01-22,Yes
Acridotheres tristis,IT,2019-10-06,Yes
Acridotheres tristis,IT,2022-02-06,Yes
Acridotheres tristis,IT,2022-04-03,Yes
Acridotheres tristis,LT,2020-08-16,Yes
Acridotheres tristis,LU,2016-08-21,Yes
Acridotheres tristis,LV,2017-03-19,Yes
Acridotheres tristis,LV,2018-08-19,Yes
Acridotheres tristis,LV,2019-03-24,Yes
Acridotheres tristis,LV,2019-06-09,Yes
Acridotheres tristis,MT,2016-02-14,Yes
Acridotheres tristis,MT,2023-01-08,Yes
Acridotheres tristis,NL,2021-05-02,Yes
Acridotheres tristis,NL,2022-12-11,Yes
Acridotheres tristis,PL,2023-02-26,Yes
Acridotheres tristis,PL,2023-04-23,Yes
Acridotheres tristis,PT,2016-01-03,Yes
Acridotheres tristis,PT,2017-07-30,Yes
Acridotheres tristis,PT,2019-07-21,Yes
Acridotheres tristis,PT,2020-05-24,Yes
Acridotheres tristis,RO,2016-08-21,Yes
Acridotheres tristis,RO,2016-10-02,Yes
Acridotheres tristis,RO,2021-09-19,Yes
Acridotheres tristis,RO,2024-08-18,Yes
Acridotheres tristis,SE,2019-12-22,Yes
Ailanthus altissima,AT,2018-08-12,Yes
Ailanthus altissima,AT,2022-08-21,Yes
Ailanthus altissima,AT,2024-05-26,Yes
Ailanthus altissima,AT,2024-06-02,Yes
Ailanthus altissima,BE,2018-08-05,Yes
Ailanthus altissima,BE,2019-07-28,Yes
Ailanthus altissima,BE,2022-08-14,Yes
Ailanthus altissima,BE,2024-06-09,Yes
Ailanthus altissima,BG,2018-03-18,Yes
Ailanthus altissima,BG,2018-09-23,Yes
Ailanthus altissima,BG,2023-08-20,Yes
Ailanthus altissima,CY,2018-12-09,Yes
Ailanthus altissima,CZ,2019-09-29,Yes
Ailanthus altissima,CZ,2024-08-11,Yes
Ailanthus altissima,CZ,2024-08-25,Yes
Ailanthus altissima,CZ,2024-09-29,Yes
Ailanthus altissima,DE,2019-09-15,Yes
Ailanthus altissima,DE,2019-09-22,Yes
Ailanthus altissima,DE,2019-09-29,Yes
Ailanthus altissima,DE,2020-06-28,Yes
Ailanthus altissima,DK,2019-08-11,Yes
Ailanthus altissima,DK,2019-08-18,Yes
Ailanthus altissima,DK,2021-05-23,Yes
Ailanthus altissima,DK,2022-01-16,Yes
Ailanthus altissima,EE,2020-05-03,Yes
Ailanthus altissima,ES,2016-09-18,Yes
Ailanthus altissima,ES,2022-09-18,Yes
Ailanthus altissima,ES,2024-09-22,Yes
Ailanthus altissima,FI,2017-03-12,Yes
Ailanthus altissima,FI,2021-01-17,Yes
Ailanthus altissima,FR,2018-08-19,Yes
Ailanthus altissima,GB,2020-05-24,Yes
Ailanthus altissima,GB,2022-05-15,Yes
Ailanthus altissima,GB,2022-05-22,Yes
Ailanthus altissima,GB,2024-05-19,Yes
Ailanthus altissima,GR,2017-11-19,Yes
Ailanthus altissima,GR,2018-05-27,Yes
Ailanthus altissima,GR,2021-07-11,Yes
Ailanthus altissima,GR,2024-01-21,Yes
Ailanthus altissima,HR,2016-10-30,Yes
Ailanthus altissima,HR,2020-11-22,Yes
Ailanthus altissima,HR,2021-09-05,Yes
Ailanthus altissima,HR,2021-09-12,Yes
Ailanthus altissima,HU,2017-01-29,Yes
Ailanthus altissima,HU,2018-04-08,Yes
Ailanthus altissima,HU,2022-10-30,Yes
Ailanthus altissima,HU,2024-08-18,Yes
Ailanthus altissima,IE,2017-10-22,Yes
Ailanthus altissima,IE,2019-02-10,Yes
Ailanthus altissima,IE,2020-04-26,Yes
Ailanthus altissima,IT,2016-02-21,Yes
Ailanthus altissima,IT,2018-06-17,Yes
Ailanthus altissima,IT,2019-05-26,Yes
Ailanthus altissima,IT,2020-11-22,Yes
Ailanthus altissima,LT,2022-06-19,Yes
Ailanthus altissima,LU,2018-01-07,Yes
Ailanthus altissima,LV,2022-05-01,Yes
Ailanthus altissima,NL,2018-11-25,Yes
Ailanthus altissima,NL,2022-05-22,Yes
Ailanthus altissima,NL,2022-08-14,Yes
Ailanthus altissima,NL,2023-12-17,Yes
Ailanthus altissima,PL,2020-01-19,Yes
Ailanthus altissima,PL,2021-09-12,Yes
Ailanthus altissima,PL,2021-12-12,Yes
Ailanthus altissima,PL,2024-03-17,Yes
Ailanthus altissima,PT,2021-11-21,Yes
Ailanthus altissima,RO,2020-08-16,Yes
Ailanthus altissima,RO,2020-08-30,Yes
Ailanthus altissima,RO,2021-11-07,Yes
Ailanthus altissima,RO,2023-06-04,Yes
Ailanthus altissima,SE,2019-10-27,Yes
Ailanthus altissima,SE,2019-11-17,Yes
Ailanthus altissima,SE,2020-06-28,Yes
Ailanthus altissima,SE,2021-02-28,Yes
Ailanthus altissima,SI,2017-07-09,Yes
Ailanthus altissima,SI,2019-12-22,Yes
Ailanthus altissima,SI,2022-01-16,Yes
Ailanthus altissima,SK,2017-04-02,Yes
Ailanthus altissima,SK,2020-06-07,Yes
Ailanthus altissima,SK,2021-07-11,Yes
Ailanthus altissima,SK,2023-11-12,Yes
Alopochen aegyptiaca,AT,2019-08-25,Yes
Alopochen aegyptiaca,AT,2020-02-02,Yes
Alopochen aegyptiaca,AT,2020-04-19,Yes
Alopochen aegyptiaca,AT,2024-11-17,Yes
Alopochen aegyptiaca,BE,2021-05-23,Yes
Alopochen aegyptiaca,BE,2023-05-07,Yes
Alopochen aegyptiaca,BE,2023-05-14,Yes
Alopochen aegyptiaca,BE,2024-04-28,Yes
Alopochen aegyptiaca,BG,2019-12-01,Yes
Alopochen aegyptiaca,CY,2019-12-08,Yes
Alopochen aegyptiaca,CZ,2016-11-13,Yes
Alopochen aegyptiaca,CZ,2023-04-23,Yes
Alopochen aegyptiaca,CZ,2023-07-09,Yes
Alopochen aegyptiaca,DE,2023-05-07,Yes
Alopochen aegyptiaca,DE,2024-03-31,Yes
Alopochen aegyptiaca,DE,2024-04-07,Yes
Alopochen aegyptiaca,DE,2024-07-28,Yes
Alopochen aegyptiaca,DK,2018-09-23,Yes
Alopochen aegyptiaca,DK,2021-04-11,Yes
Alopochen aegyptiaca,DK,2021-05-02,Yes
Alopochen aegyptiaca,DK,2023-10-22,Yes
Alopochen aegyptiaca,EE,2022-11-27,Yes
Alopochen aegyptiaca,ES,2021-01-31,Yes
Alopochen aegyptiaca,ES,2021-06-20,Yes
Alopochen aegyptiaca,ES,2023-05-14,Yes
Alopochen aegyptiaca,ES,2023-12-03,Yes
Alopochen aegyptiaca,FI,2018-04-01,Yes
Alopochen aegyptiaca,FR,2019-12-22,Yes
Alopochen aegyptiaca,FR,2019-12-29,Yes
Alopochen aegyptiaca,FR,2020-12-27,Yes
Alopochen aegyptiaca,FR,2021-03-14,Yes
Alopochen aegyptiaca,GB,2020-12-27,Yes
Alopochen aegyptiaca,GB,2021-12-26,Yes
Alopochen aegyptiaca,GB,2023-05-21,Yes
Alopochen aegyptiaca,GB,2023-05-28,Yes
Alopochen aegyptiaca,GR,2016-03-27,Yes
Alopochen aegyptiaca,GR,2017-01-29,Yes
Alopochen aegyptiaca,GR,2019-01-27,Yes
Alopochen aegyptiaca,GR,2023-12-31,Yes
Alopochen aegyptiaca,HR,2022-06-12,Yes
Alopochen aegyptiaca,HU,2022-06-19,Yes
Alopochen aegyptiaca,HU,2022-07-24,Yes
Alopochen aegyptiaca,HU,2023-05-28,Yes
Alopochen aegyptiaca,HU,2023-11-19,Yes
Alopochen aegyptiaca,IE,2021-11-07,Yes
Alopochen aegyptiaca,IT,2019-10-13,Yes
Alopochen aegyptiaca,IT,2023-05-07,Yes
Alopochen aegyptiaca,IT,2024-03-17,Yes
Alopochen aegyptiaca,IT,2024-10-13,Yes
Alopochen aegyptiaca,LU,2018-01-14,Yes
Alopochen aegyptiaca,LV,2017-07-09,Yes
Alopochen aegyptiaca,MT,2018-06-24,Yes
Alopochen aegyptiaca,MT,2023-09-24,Yes
Alopochen aegyptiaca,NL,2020-03-08,Yes
Alopochen aegyptiaca,NL,2021-04-18,Yes
Alopochen aegyptiaca,PL,2016-02-28,Yes
Alopochen aegyptiaca,PL,2016-07-10,Yes
Alopochen aegyptiaca,PL,2019-03-03,Yes
Alopochen aegyptiaca,PL,2024-07-07,Yes
Alopochen aegyptiaca,PT,2022-02-06,Yes
Alopochen aegyptiaca,PT,2023-02-26,Yes
Alopochen aegyptiaca,PT,2024-03-03,Yes
Alopochen aegyptiaca,RO,2021-08-29,Yes
Alopochen aegyptiaca,SE,2018-11-18,Yes
Alopochen aegyptiaca,SE,2019-12-22,Yes
Alopochen aegyptiaca,SE,2021-04-11,Yes
Alopochen aegyptiaca,SE,2022-09-04,Yes
Alopochen aegyptiaca,SI,2016-11-27,Yes
Alopochen aegyptiaca,SK,2020-01-19,Yes
Alternanthera philoxeroides,AT,2017-10-01,Yes
Alternanthera philoxeroides,BE,2019-08-11,Yes
Alternanthera philoxeroides,BE,2022-10-02,Yes
Alternanthera philoxeroides,BE,2024-10-20,Yes
Alternanthera philoxeroides,BG,2016-03-13,Yes
Alternanthera philoxeroides,BG,2020-12-06,Yes
Alternanthera philoxeroides,BG,2024-12-01,Yes
Alternanthera philoxeroides,CY,2023-10-29,Yes
Alternanthera philoxeroides,CZ,2019-06-09,Yes
Alternanthera philoxeroides,CZ,2023-08-13,Yes
Alternanthera philoxeroides,CZ,2023-10-22,Yes
Alternanthera philoxeroides,DE,2020-03-01,Yes
Alternanthera philoxeroides,DK,2016-01-17,Yes
Alternanthera philoxeroides,DK,2017-05-21,Yes
Alternanthera philoxeroides,DK,2022-12-25,Yes
Alternanthera philoxeroides,DK,2023-05-07,Yes
Alternanthera philoxeroides,FR,2023-10-22,Yes
Alternanthera philoxeroides,GB,2019-02-17,Yes
Alternanthera philoxeroides,HR,2021-01-24,Yes
Alternanthera philoxeroides,HU,2024-07-28,Yes
Alternanthera philoxeroides,IE,2016-10-09,Yes
Alternanthera philoxeroides,IE,2018-01-14,Yes
Alternanthera philoxeroides,IE,2021-04-25,Yes
Alternanthera philoxeroides,IT,2020-09-06,Yes
Alternanthera philoxeroides,LT,2019-01-06,Yes
Alternanthera philoxeroides,LT,2019-12-15,Yes
Alternanthera philoxeroides,LT,2021-07-11,Yes
Alternanthera philoxeroides,LU,2022-12-18,Yes
Alternanthera philoxeroides,LU,2023-02-12,Yes
Alternanthera philoxeroides,MT,2020-04-19,Yes
Alternanthera philoxeroides,NL,2018-06-03,Yes
Alternanthera philoxeroides,NL,2020-05-17,Yes
Alternanthera philoxeroides,PT,2018-04-08,Yes
Alternanthera philoxeroides,PT,2018-06-10,Yes
Alternanthera philoxeroides,RO,2020-03-01,Yes
Alternanthera philoxeroides,RO,2022-11-27,Yes
Alternanthera philoxeroides,RO,2023-08-27,Yes
Alternanthera philoxeroides,RO,2024-12-29,Yes
Alternanthera philoxeroides,SE,2021-01-17,Yes
Alternanthera philoxeroides,SK,2016-11-20,Yes
Alternanthera philoxeroides,SK,2017-10-29,Yes
Alternanthera philoxeroides,SK,2017-11-12,Yes
Ameiurus melas,AT,2021-02-14,Yes
Ameiurus melas,AT,2021-04-18,Yes
Ameiurus melas,AT,2021-07-11,Yes
Ameiurus melas,BE,2017-01-29,Yes
Ameiurus melas,BE,2017-05-21,Yes
Ameiurus melas,BG,2021-11-28,Yes
Ameiurus melas,BG,2023-05-07,Yes
Ameiurus melas,BG,2023-06-25,Yes
Ameiurus melas,CY,2016-10-23,Yes
Ameiurus melas,CZ,2022-12-18,Yes
Ameiurus melas,CZ,2023-09-17,Yes
Ameiurus melas,CZ,2024-05-19,Yes
Ameiurus melas,CZ,2024-07-21,Yes
Ameiurus melas,DE,2023-10-01,Yes
Ameiurus melas,DE,2024-03-31,Yes
Ameiurus melas,DE,2024-11-17,Yes
Ameiurus melas,DE,2024-11-24,Yes
Ameiurus melas,DK,2015-12-27,Yes
Ameiurus melas,DK,2016-03-27,Yes
Ameiurus melas,EE,2022-09-04,Yes
Ameiurus melas,ES,2019-01-06,Yes
Ameiurus melas,ES,2020-07-05,Yes
Ameiurus melas,FI,2017-11-05,Yes
Ameiurus melas,FI,2019-11-24,Yes
Ameiurus melas,FI,2023-10-08,Yes
Ameiurus melas,FR,2023-07-09,Yes
Ameiurus melas,FR,2023-08-06,Yes
Ameiurus melas,FR,2023-08-13,Yes
Ameiurus melas,FR,2023-08-20,Yes
Ameiurus melas,GB,2018-12-30,Yes
Ameiurus melas,GB,2019-08-18,Yes
Ameiurus melas,GB,2020-04-12,Yes
Ameiurus melas,GB,2022-01-30,Yes
Ameiurus melas,GR,2017-11-19,Yes
Ameiurus melas,HR,2021-07-04,Yes
Ameiurus melas,HR,2022-12-11,Yes
Ameiurus melas,HU,2016-02-07,Yes
Ameiurus melas,HU,2022-10-02,Yes
Ameiurus melas,HU,2024-08-11,Yes
Ameiurus melas,HU,2024-09-22,Yes
Ameiurus melas,IE,2018-06-03,Yes
Ameiurus melas,IT,2019-12-29,Yes
Ameiurus melas,IT,2020-08-16,Yes
Ameiurus melas,IT,2023-05-28,Yes
Ameiurus melas,IT,2023-06-04,Yes
Ameiurus melas,LU,2020-11-01,Yes
Ameiurus melas,LU,2022-01-09,Yes
Ameiurus melas,LU,2023-02-05,Yes
Ameiurus melas,NL,2016-03-20,Yes
Ameiurus melas,NL,2021-07-11,Yes
Ameiurus melas,NL,2022-06-26,Yes
Ameiurus melas,NL,2022-09-11,Yes
Ameiurus melas,PL,2019-08-11,Yes
Ameiurus melas,PL,2020-04-19,Yes
Ameiurus melas,PL,2020-05-10,Yes
Ameiurus melas,PL,2021-07-04,Yes
Ameiurus melas,RO,2016-10-23,Yes
Ameiurus melas,RO,2017-12-03,Yes
Ameiurus melas,SE,2020-05-10,Yes
Ameiurus melas,SE,2022-03-27,Yes
Ameiurus melas,SE,2023-01-08,Yes
Ameiurus melas,SE,2024-04-28,Yes
Ameiurus melas,SI,2021-10-17,Yes
Ameiurus melas,SI,2021-12-19,Yes
Ameiurus melas,SI,2023-09-10,Yes
Andropogon virginicus,AT,2016-05-29,Yes
Andropogon virginicus,AT,2018-01-21,Yes
Andropogon virginicus,BE,2024-06-23,Yes
Andropogon virginicus,BG,2016-10-02,Yes
Andropogon virginicus,BG,2020-05-10,Yes
Andropogon virginicus,BG,2022-06-12,Yes
Andropogon virginicus,CY,2020-08-30,Yes
Andropogon virginicus,CY,2022-07-10,Yes
Andropogon virginicus,CZ,2018-08-19,Yes
Andropogon virginicus,CZ,2022-03-06,Yes
Andropogon virginicus,CZ,2024-02-18,Yes
Andropogon virginicus,DK,2017-10-29,Yes
Andropogon virginicus,EE,2018-02-18,Yes
Andropogon virginicus,EE,2018-08-12,Yes
Andropogon virginicus,EE,2021-10-24,Yes
Andropogon virginicus,EE,2024-10-20,Yes
Andropogon virginicus,ES,2022-08-21,Yes
Andropogon virginicus,ES,2023-08-06,Yes
Andropogon virginicus,ES,2024-02-18,Yes
Andropogon virginicus,FI,2017-03-26,Yes
Andropogon virginicus,FI,2019-09-08,Yes
Andropogon virginicus,FR,2018-02-04,Yes
Andropogon virginicus,FR,2020-08-02,Yes
Andropogon virginicus,FR,2020-09-13,Yes
Andropogon virginicus,FR,2021-09-12,Yes
Andropogon virginicus,GB,2017-08-13,Yes
Andropogon virginicus,GB,2017-10-29,Yes
Andropogon virginicus,GB,2022-10-23,Yes
Andropogon virginicus,GB,2024-02-18,Yes
Andropogon virginicus,GR,2018-04-08,Yes
Andropogon virginicus,GR,2024-09-15,Yes
Andropogon virginicus,HU,2019-06-09,Yes
Andropogon virginicus,HU,2020-07-19,Yes
Andropogon virginicus,IE,2016-01-17,Yes
Andropogon virginicus,IT,2016-12-18,Yes
Andropogon virginicus,LT,2019-03-03,Yes
Andropogon virginicus,LT,2021-02-21,Yes
Andropogon virginicus,LV,2017-05-21,Yes
Andropogon virginicus,LV,2019-01-20,Yes
Andropogon virginicus,MT,2017-09-03,Yes
Andropogon virginicus,MT,2017-11-19,Yes
Andropogon virginicus,PL,2024-05-19,Yes
Andropogon virginicus,PT,2022-01-09,Yes
Andropogon virginicus,RO,2017-12-17,Yes
Andropogon virginicus,SE,2019-10-06,Yes
Andropogon virginicus,SI,2020-02-02,Yes
Andropogon virginicus,SI,2022-03-13,Yes
Andropogon virginicus,SK,2016-11-27,Yes
Andropogon virginicus,SK,2018-04-29,Yes
Arthurdendyus triangulatus,AT,2019-09-15,Yes
Arthurdendyus triangulatus,BE,2018-10-07,Yes
Arthurdendyus triangulatus,BG,2016-06-26,Yes
Arthurdendyus triangulatus,CY,2017-06-18,Yes
Arthurdendyus triangulatus,CZ,2019-01-27,Yes
Arthurdendyus triangulatus,DE,2016-10-02,Yes
Arthurdendyus triangulatus,DK,2018-07-29,Yes
Arthurdendyus triangulatus,EE,2016-06-05,Yes
Arthurdendyus triangulatus,EE,2016-09-04,Yes
Arthurdendyus triangulatus,ES,2016-03-13,Yes
Arthurdendyus triangulatus,ES,2018-05-20,Yes
Arthurdendyus triangulatus,ES,2021-08-08,Yes
Arthurdendyus triangulatus,FI,2016-07-31,Yes
Arthurdendyus triangulatus,FR,2022-04-10,Yes
Arthurdendyus triangulatus,GB,2016-03-13,Yes
Arthurdendyus triangulatus,GB,2020-12-20,Yes
Arthurdendyus triangulatus,GB,2020-12-27,Yes
Arthurdendyus triangulatus,GB,2021-01-17,Yes
Arthurdendyus triangulatus,HR,2018-02-18,Yes
Arthurdendyus triangulatus,HU,2022-06-05,Yes
Arthurdendyus triangulatus,IE,2021-05-23,Yes
Arthurdendyus triangulatus,IT,2016-11-27,Yes
Arthurdendyus triangulatus,IT,2019-12-08,Yes
Arthurdendyus triangulatus,LU,2016-01-24,Yes
Arthurdendyus triangulatus,LU,2020-02-09,Yes
Arthurdendyus triangulatus,LU,2023-03-19,Yes
Arthurdendyus triangulatus,LV,2022-12-25,Yes
Arthurdendyus triangulatus,NL,2020-03-01,Yes
Arthurdendyus triangulatus,PL,2021-03-14,Yes
Arthurdendyus triangulatus,RO,2020-11-22,Yes
Arthurdendyus triangulatus,RO,2023-07-09,Yes
Arthurdendyus triangulatus,SE,2020-08-30,Yes
Arthurdendyus triangulatus,SI,2021-08-22,Yes
Arthurdendyus triangulatus,SK,2017-04-23,Yes
Asclepias syriaca,AT,2019-06-23,Yes
Asclepias syriaca,AT,2020-05-24,Yes
Asclepias syriaca,AT,2020-05-31,Yes
Asclepias syriaca,AT,2020-07-19,Yes
Asclepias syriaca,BE,2019-04-28,Yes
Asclepias syriaca,BG,2021-02-21,Yes
Asclepias syriaca,CY,2016-05-29,Yes
Asclepias syriaca,CZ,2021-02-14,Yes
Asclepias syriaca,CZ,2022-08-07,Yes
Asclepias syriaca,CZ,2024-05-26,Yes
Asclepias syriaca,CZ,2024-06-02,Yes
Asclepias syriaca,DE,2016-04-03,Yes
Asclepias syriaca,DE,2024-04-21,Yes
Asclepias syriaca,DE,2024-11-03,Yes
Asclepias syriaca,DE,2024-11-17,Yes
Asclepias syriaca,DK,2019-07-28,Yes
Asclepias syriaca,DK,2020-06-28,Yes
Asclepias syriaca,DK,2023-06-04,Yes
Asclepias syriaca,EE,2023-07-30,Yes
Asclepias syriaca,ES,2016-02-07,Yes
Asclepias syriaca,ES,2016-09-11,Yes
Asclepias syriaca,FI,2016-04-24,Yes
Asclepias syriaca,FI,2020-03-01,Yes
Asclepias syriaca,FI,2023-09-17,Yes
Asclepias syriaca,FR,2017-10-15,Yes
Asclepias syriaca,FR,2018-02-04,Yes
Asclepias syriaca,FR,2021-08-08,Yes
Asclepias syriaca,FR,2023-07-30,Yes
Asclepias syriaca,GB,2017-02-19,Yes
Asclepias syriaca,GB,2017-05-28,Yes
Asclepias syriaca,GB,2023-11-26,Yes
Asclepias syriaca,GB,2024-02-25,Yes
Asclepias syriaca,GR,2019-07-07,Yes
Asclepias syriaca,HU,2018-06-17,Yes
Asclepias syriaca,HU,2018-10-07,Yes
Asclepias syriaca,HU,2022-07-03,Yes
Asclepias syriaca,HU,2023-02-12,Yes
Asclepias syriaca,IE,2019-02-10,Yes
Asclepias syriaca,IE,2019-05-26,Yes
Asclepias syriaca,IT,2018-07-15,Yes
Asclepias syriaca,IT,2019-07-14,Yes
Asclepias syriaca,IT,2022-07-10,Yes
Asclepias syriaca,IT,2023-08-27,Yes
Asclepias syriaca,LU,2017-04-23,Yes
Asclepias syriaca,LU,2021-09-05,Yes
Asclepias syriaca,LU,2024-12-08,Yes
Asclepias syriaca,LV,2021-12-19,Yes
Asclepias syriaca,LV,2024-10-27,Yes
Asclepias syriaca,NL,2017-07-09,Yes
Asclepias syriaca,NL,2018-08-12,Yes
Asclepias syriaca,NL,2019-03-31,Yes
Asclepias syriaca,NL,2019-05-12,Yes
Asclepias syriaca,PL,2021-08-29,Yes
Asclepias syriaca,PL,2022-03-20,Yes
Asclepias syriaca,PL,2023-07-09,Yes
Asclepias syriaca,PL,2024-03-17,Yes
Asclepias syriaca,PT,2017-08-27,Yes
Asclepias syriaca,PT,2018-06-24,Yes
Asclepias syriaca,RO,2020-10-11,Yes
Asclepias syriaca,RO,2022-02-13,Yes
Asclepias syriaca,SE,2016-08-21,Yes
Asclepias syriaca,SE,2017-07-30,Yes
Asclepias syriaca,SE,2021-07-11,Yes
Asclepias syriaca,SE,2022-06-26,Yes
Asclepias syriaca,SI,2018-02-18,Yes
Asclepias syriaca,SI,2019-12-29,Yes
Asclepias syriaca,SI,2023-01-01,Yes
Asclepias syriaca,SI,2023-02-05,Yes
Asclepias syriaca,SK,2017-07-23,Yes
Asclepias syriaca,SK,2024-04-21,Yes
Axis axis,AT,2017-01-01,Yes
Axis axis,AT,2017-06-11,Yes
Axis axis,AT,2023-07-09,Yes
Axis axis,BG,2019-02-24,Yes
Axis axis,BG,2019-05-19,Yes
Axis axis,BG,2022-06-12,Yes
Axis axis,BG,2024-12-22,Yes
Axis axis,CY,2016-04-10,Yes
Axis axis,CY,2017-05-14,Yes
Axis axis,CY,2020-01-12,Yes
Axis axis,CZ,2016-10-23,Yes
Axis axis,CZ,2019-08-04,Yes
Axis axis,CZ,2022-05-29,Yes
Axis axis,DE,2024-12-08,Yes
Axis axis,DE,2024-12-15,Yes
Axis axis,DK,2019-10-06,Yes
Axis axis,EE,2019-05-12,Yes
Axis axis,ES,2017-10-01,Yes
Axis axis,FI,2020-01-12,Yes
Axis axis,FI,2020-10-11,Yes
Axis axis,FI,2024-03-24,Yes
Axis axis,FI,2024-12-15,Yes
Axis axis,FR,2024-04-28,Yes
Axis axis,FR,2024-08-18,Yes
Axis axis,GB,2016-02-28,Yes
Axis axis,GB,2019-04-14,Yes
Axis axis,GB,2019-07-07,Yes
Axis axis,GB,2021-02-07,Yes
Axis axis,GR,2021-10-17,Yes
Axis axis,GR,2024-03-31,Yes
Axis axis,HU,2017-04-30,Yes
Axis axis,HU,2018-08-26,Yes
Axis axis,HU,2022-02-13,Yes
Axis axis,HU,2023-04-09,Yes
Axis axis,IT,2016-11-06,Yes
Axis axis,IT,2021-05-30,Yes
Axis axis,IT,2021-06-06,Yes
Axis axis,IT,2021-06-20,Yes
Axis axis,LT,2019-08-25,Yes
Axis axis,LT,2019-11-24,Yes
Axis axis,LT,2021-11-28,Yes
Axis axis,LT,2023-02-12,Yes
Axis axis,LU,2016-12-18,Yes
Axis axis,LU,2024-01-21,Yes
Axis axis,MT,2018-03-04,Yes
Axis axis,NL,2016-08-28,Yes
Axis axis,NL,2017-06-25,Yes
Axis axis,NL,2022-11-13,Yes
Axis axis,NL,2022-11-27,Yes
Axis axis,PL,2018-01-14,Yes
Axis axis,PL,2022-03-20,Yes
Axis axis,PL,2022-03-27,Yes
Axis axis,PL,2022-04-24,Yes
Axis axis,PT,2019-09-15,Yes
Axis axis,PT,2021-01-10,Yes
Axis axis,PT,2022-11-27,Yes
Axis axis,RO,2021-02-28,Yes
Axis axis,SE,2017-12-24,Yes
Axis axis,SE,2019-02-10,Yes
Axis axis,SE,2019-03-03,Yes
Axis axis,SE,2023-04-09,Yes
Axis axis,SK,2020-04-12,Yes
Axis axis,SK,2022-04-17,Yes
Baccharis halimifolia,BE,2022-09-25,Yes
Baccharis halimifolia,BG,2016-03-13,Yes
Baccharis halimifolia,BG,2023-12-31,Yes
Baccharis halimifolia,CY,2016-09-25,Yes
Baccharis halimifolia,CY,2019-01-27,Yes
Baccharis halimifolia,CY,2019-06-16,Yes
Baccharis halimifolia,CZ,2020-03-22,Yes
Baccharis halimifolia,CZ,2022-02-20,Yes
Baccharis halimifolia,DE,2021-05-23,Yes
Baccharis halimifolia,DE,2021-08-01,Yes
Baccharis halimifolia,DE,2021-10-03,Yes
Baccharis halimifolia,DE,2021-10-17,Yes
Baccharis halimifolia,DK,2017-06-18,Yes
Baccharis halimifolia,DK,2019-07-14,Yes
Baccharis halimifolia,DK,2020-01-05,Yes
Baccharis halimifolia,DK,2021-09-12,Yes
Baccharis halimifolia,EE,2018-08-05,Yes
Baccharis halimifolia,EE,2023-08-13,Yes
Baccharis halimifolia,EE,2024-02-25,Yes
Baccharis halimifolia,EE,2024-05-19,Yes
Baccharis halimifolia,ES,2019-10-06,Yes
Baccharis halimifolia,ES,2022-07-31,Yes
Baccharis halimifolia,FI,2021-10-03,Yes
Baccharis halimifolia,FR,2017-10-15,Yes
Baccharis halimifolia,FR,2017-10-29,Yes
Baccharis halimifolia,FR,2018-07-22,Yes
Baccharis halimifolia,FR,2021-08-08,Yes
Baccharis halimifolia,GB,2022-03-13,Yes
Baccharis halimifolia,GR,2017-04-02,Yes
Baccharis halimifolia,GR,2019-02-10,Yes
Baccharis halimifolia,GR,2024-03-10,Yes
Baccharis halimifolia,HR,2017-07-16,Yes
Baccharis halimifolia,HR,2021-07-04,Yes
Baccharis halimifolia,HR,2023-09-17,Yes
Baccharis halimifolia,HR,2024-10-20,Yes
Baccharis halimifolia,HU,2019-01-06,Yes
Baccharis halimifolia,HU,2019-06-23,Yes
Baccharis halimifolia,IE,2021-02-07,Yes
Baccharis halimifolia,IE,2022-10-16,Yes
Baccharis halimifolia,IT,2018-03-18,Yes
Baccharis halimifolia,IT,2018-09-02,Yes
Baccharis halimifolia,IT,2022-02-27,Yes
Baccharis halimifolia,LT,2017-02-19,Yes
Baccharis halimifolia,LT,2020-05-03,Yes
Baccharis halimifolia,LT,2021-01-17,Yes
Baccharis halimifolia,LU,2021-03-14,Yes
Baccharis halimifolia,LU,2024-03-03,Yes
Baccharis halimifolia,LV,2018-12-16,Yes
Baccharis halimifolia,LV,2024-10-06,Yes
Baccharis halimifolia,MT,2022-01-16,Yes
Baccharis halimifolia,MT,2023-08-06,Yes
Baccharis halimifolia,NL,2016-05-22,Yes
Baccharis halimifolia,PL,2016-11-13,Yes
Baccharis halimifolia,PL,2023-01-22,Yes
Baccharis halimifolia,RO,2016-09-25,Yes
Baccharis halimifolia,SE,2019-02-24,Yes
Baccharis halimifolia,SE,2019-10-27,Yes
Baccharis halimifolia,SE,2023-08-20,Yes
Baccharis halimifolia,SK,2016-08-14,Yes
Baccharis halimifolia,SK,2017-02-05,Yes
Baccharis halimifolia,SK,2018-10-14,Yes
Cabomba caroliniana,AT,2016-01-03,Yes
Cabomba caroliniana,AT,2016-09-11,Yes
Cabomba caroliniana,AT,2016-12-11,Yes
Cabomba caroliniana,AT,2023-09-10,Yes
Cabomba caroliniana,BE,2018-05-13,Yes
Cabomba caroliniana,BE,2021-12-05,Yes
Cabomba caroliniana,BG,2016-09-04,Yes
Cabomba caroliniana,BG,2018-05-20,Yes
Cabomba caroliniana,BG,2023-01-29,Yes
Cabomba caroliniana,CY,2017-10-15,Yes
Cabomba caroliniana,CY,2021-06-13,Yes
Cabomba caroliniana,CZ,2018-09-16,Yes
Cabomba caroliniana,CZ,2019-04-21,Yes
Cabomba caroliniana,CZ,2022-07-03,Yes
Cabomba caroliniana,CZ,2023-12-24,Yes
Cabomba caroliniana,DE,2024-04-21,Yes
Cabomba caroliniana,DE,2024-05-05,Yes
Cabomba caroliniana,DE,2024-09-15,Yes
Cabomba caroliniana,DE,2024-10-06,Yes
Cabomba caroliniana,DK,2017-04-02,Yes
Cabomba caroliniana,DK,2020-08-16,Yes
Cabomba caroliniana,EE,2020-01-12,Yes
Cabomba caroliniana,EE,2024-06-09,Yes
Cabomba caroliniana,ES,2017-07-30,Yes
Cabomba caroliniana,ES,2022-03-13,Yes
Cabomba caroliniana,GB,2016-01-03,Yes
Cabomba caroliniana,GB,2017-05-07,Yes
Cabomba caroliniana,GB,2022-07-03,Yes
Cabomba caroliniana,GB,2023-03-19,Yes
Cabomba caroliniana,GR,2022-02-06,Yes
Cabomba caroliniana,GR,2023-12-03,Yes
Cabomba caroliniana,HU,2016-01-03,Yes
Cabomba caroliniana,HU,2024-12-22,Yes
Cabomba caroliniana,IE,2018-03-18,Yes
Cabomba caroliniana,IE,2021-08-29,Yes
Cabomba caroliniana,IT,2018-02-11,Yes
Cabomba caroliniana,IT,2019-01-13,Yes
Cabomba caroliniana,LT,2021-01-17,Yes
Cabomba caroliniana,LU,2016-04-10,Yes
Cabomba caroliniana,LU,2017-10-29,Yes
Cabomba caroliniana,LU,2017-11-12,Yes
Cabomba caroliniana,LU,2024-07-28,Yes
Cabomba caroliniana,MT,2020-09-13,Yes
Cabomba caroliniana,MT,2021-11-21,Yes
Cabomba caroliniana,NL,2023-08-27,Yes
Cabomba caroliniana,PL,2021-11-07,Yes
Cabomba caroliniana,PT,2019-05-26,Yes
Cabomba caroliniana,PT,2023-05-07,Yes
Cabomba caroliniana,RO,2020-10-18,Yes
Cabomba caroliniana,RO,2024-03-17,Yes
Cabomba caroliniana,SI,2023-12-24,Yes
Cabomba caroliniana,SK,2018-02-04,Yes
Cabomba caroliniana,SK,2020-01-26,Yes
Cabomba caroliniana,SK,2022-01-09,Yes
Cabomba caroliniana,SK,2022-03-20,Yes
Callosciurus erythraeus,AT,2018-01-07,Yes
Callosciurus erythraeus,BE,2016-03-13,Yes
Callosciurus erythraeus,BE,2020-12-06,Yes
Callosciurus erythraeus,BE,2024-12-01,Yes
Callosciurus erythraeus,CY,2022-08-14,Yes
Callosciurus erythraeus,CZ,2020-06-21,Yes
Callosciurus erythraeus,DE,2016-07-31,Yes
Callosciurus erythraeus,DK,2016-02-28,Yes
Callosciurus erythraeus,DK,2017-08-13,Yes
Callosciurus erythraeus,DK,2018-10-14,Yes
Callosciurus erythraeus,DK,2020-06-28,Yes
Callosciurus erythraeus,EE,2020-04-12,Yes
Callosciurus erythraeus,EE,2020-08-09,Yes
Callosciurus erythraeus,ES,2016-09-11,Yes
Callosciurus erythraeus,FR,2018-02-18,Yes
Callosciurus erythraeus,FR,2020-08-02,Yes
Callosciurus erythraeus,FR,2020-12-20,Yes
Callosciurus erythraeus,FR,2021-08-01,Yes
Callosciurus erythraeus,GB,2023-07-30,Yes
Callosciurus erythraeus,GB,2024-04-28,Yes
Callosciurus erythraeus,GR,2019-10-20,Yes
Callosciurus erythraeus,IE,2019-02-24,Yes
Callosciurus erythraeus,IE,2022-02-20,Yes
Callosciurus erythraeus,IT,2018-01-14,Yes
Callosciurus erythraeus,LU,2022-01-09,Yes
Callosciurus erythraeus,LV,2021-02-21,Yes
Callosciurus erythraeus,NL,2016-09-11,Yes
Callosciurus erythraeus,NL,2018-11-25,Yes
Callosciurus erythraeus,NL,2023-12-17,Yes
Callosciurus erythraeus,NL,2023-12-24,Yes
Callosciurus erythraeus,PL,2016-01-17,Yes
Callosciurus erythraeus,PL,2018-12-30,Yes
Callosciurus erythraeus,PT,2017-01-01,Yes
Callosciurus erythraeus,PT,2018-01-07,Yes
Callosciurus erythraeus,RO,2019-12-22,Yes
Callosciurus erythraeus,RO,2023-06-11,Yes
Callosciurus erythraeus,RO,2024-11-10,Yes
Callosciurus erythraeus,SE,2019-08-25,Yes
Callosciurus erythraeus,SE,2021-11-07,Yes
Callosciurus erythraeus,SE,2023-09-03,Yes
Callosciurus erythraeus,SI,2017-09-10,Yes
Callosciurus erythraeus,SK,2016-06-26,Yes
Callosciurus erythraeus,SK,2016-08-14,Yes
Callosciurus finlaysonii,AT,2018-08-19,Yes
Callosciurus finlaysonii,AT,2020-06-21,Yes
Callosciurus finlaysonii,AT,2024-08-25,Yes
Callosciurus finlaysonii,BG,2017-12-31,Yes
Callosciurus finlaysonii,BG,2022-04-10,Yes
Callosciurus finlaysonii,BG,2023-12-17,Yes
Callosciurus finlaysonii,BG,2024-11-17,Yes
Callosciurus finlaysonii,CZ,2021-11-07,Yes
Callosciurus finlaysonii,DE,2018-03-18,Yes
Callosciurus finlaysonii,DE,2024-10-27,Yes
Callosciurus finlaysonii,DK,2016-07-31,Yes
Callosciurus finlaysonii,DK,2017-01-15,Yes
Callosciurus finlaysonii,DK,2019-04-07,Yes
Callosciurus finlaysonii,DK,2020-08-09,Yes
Callosciurus finlaysonii,FR,2016-02-21,Yes
Callosciurus finlaysonii,FR,2024-11-10,Yes
Callosciurus finlaysonii,GB,2023-12-03,Yes
Callosciurus finlaysonii,GB,2024-07-21,Yes
Callosciurus finlaysonii,GB,2024-08-18,Yes
Callosciurus finlaysonii,GB,2024-10-06,Yes
Callosciurus finlaysonii,GR,2023-09-10,Yes
Callosciurus finlaysonii,HR,2018-09-02,Yes
Callosciurus finlaysonii,HR,2022-02-27,Yes
Callosciurus finlaysonii,HR,2024-09-08,Yes
Callosciurus finlaysonii,HU,2016-06-12,Yes
Callosciurus finlaysonii,HU,2017-04-23,Yes
Callosciurus finlaysonii,IE,2017-01-01,Yes
Callosciurus finlaysonii,IE,2018-09-09,Yes
Callosciurus finlaysonii,IE,2019-02-24,Yes
Callosciurus finlaysonii,IT,2018-04-08,Yes
Callosciurus finlaysonii,LT,2019-11-03,Yes
Callosciurus finlaysonii,LV,2018-01-14,Yes
Callosciurus finlaysonii,LV,2020-07-05,Yes
Callosciurus finlaysonii,MT,2018-10-21,Yes
Callosciurus finlaysonii,PL,2021-12-12,Yes
Callosciurus finlaysonii,PL,2022-05-08,Yes
Callosciurus finlaysonii,PL,2024-12-08,Yes
Callosciurus finlaysonii,PT,2020-05-17,Yes
Callosciurus finlaysonii,RO,2017-01-15,Yes
Callosciurus finlaysonii,RO,2017-11-05,Yes
Callosciurus finlaysonii,SE,2018-11-25,Yes
Callosciurus finlaysonii,SE,2022-07-31,Yes
Callosciurus finlaysonii,SI,2016-07-31,Yes
Callosciurus finlaysonii,SI,2021-01-31,Yes
Callosciurus finlaysonii,SI,2024-10-06,Yes
Callosciurus finlaysonii,SK,2021-01-17,Yes
Callosciurus finlaysonii,SK,2021-11-07,Yes
Cardiospermum grandiflorum,AT,2024-08-11,Yes
Cardiospermum grandiflorum,BE,2017-03-26,Yes
Cardiospermum grandiflorum,BE,2019-01-27,Yes
Cardiospermum grandiflorum,BE,2023-03-19,Yes
Cardiospermum grandiflorum,BG,2017-08-20,Yes
Cardiospermum grandiflorum,BG,2023-06-25,Yes
Cardiospermum grandiflorum,BG,2023-10-29,Yes
Cardiospermum grandiflorum,CY,2017-05-28,Yes
Cardiospermum grandiflorum,CY,2017-11-26,Yes
Cardiospermum grandiflorum,CZ,2017-07-30,Yes
Cardiospermum grandiflorum,CZ,2024-05-26,Yes
Cardiospermum grandiflorum,DE,2017-06-11,Yes
Cardiospermum grandiflorum,EE,2016-01-24,Yes
Cardiospermum grandiflorum,EE,2021-06-13,Yes
Cardiospermum grandiflorum,EE,2024-01-07,Yes
Cardiospermum grandiflorum,ES,2024-09-29,Yes
Cardiospermum grandiflorum,FI,2018-06-17,Yes
Cardiospermum grandiflorum,FR,2021-01-10,Yes
Cardiospermum grandiflorum,FR,2023-09-10,Yes
Cardiospermum grandiflorum,GB,2018-08-19,Yes
Cardiospermum grandiflorum,GB,2018-11-18,Yes
Cardiospermum grandiflorum,GB,2020-06-07,Yes
Cardiospermum grandiflorum,GB,2021-08-22,Yes
Cardiospermum grandiflorum,GR,2017-12-31,Yes
Cardiospermum grandiflorum,GR,2018-09-09,Yes
Cardiospermum grandiflorum,HR,2023-04-30,Yes
Cardiospermum grandiflorum,HU,2016-02-28,Yes
Cardiospermum grandiflorum,HU,2018-10-28,Yes
Cardiospermum grandiflorum,IE,2017-04-09,Yes
Cardiospermum grandiflorum,IE,2017-05-28,Yes
Cardiospermum grandiflorum,IT,2018-11-04,Yes
Cardiospermum grandiflorum,LT,2023-09-10,Yes
Cardiospermum grandiflorum,NL,2018-06-03,Yes
Cardiospermum grandiflorum,NL,2022-12-11,Yes
Cardiospermum grandiflorum,NL,2023-08-27,Yes
Cardiospermum grandiflorum,PL,2016-03-27,Yes
Cardiospermum grandiflorum,PL,2019-10-13,Yes
Cardiospermum grandiflorum,PL,2020-08-16,Yes
Cardiospermum grandiflorum,PT,2019-02-17,Yes
Cardiospermum grandiflorum,PT,2023-03-12,Yes
Cardiospermum grandiflorum,RO,2016-05-08,Yes
Cardiospermum grandiflorum,RO,2018-07-29,Yes
Cardiospermum grandiflorum,SE,2016-02-21,Yes
Cardiospermum grandiflorum,SE,2024-11-10,Yes
Cardiospermum grandiflorum,SK,2016-09-18,Yes
Cardiospermum grandiflorum,SK,2020-10-11,Yes
Celastrus orbiculatus,AT,2016-05-29,Yes
Celastrus orbiculatus,AT,2018-08-19,Yes
Celastrus orbiculatus,BE,2018-07-15,Yes
Celastrus orbiculatus,BE,2022-07-10,Yes
Celastrus orbiculatus,BG,2022-01-09,Yes
Celastrus orbiculatus,CY,2019-04-28,Yes
Celastrus orbiculatus,CY,2021-08-01,Yes
Celastrus orbiculatus,DE,2017-09-24,Yes
Celastrus orbiculatus,DE,2023-05-07,Yes
Celastrus orbiculatus,DE,2023-05-14,Yes
Celastrus orbiculatus,DE,2023-06-04,Yes
Celastrus orbiculatus,DK,2022-08-28,Yes
Celastrus orbiculatus,DK,2024-07-28,Yes
Celastrus orbiculatus,EE,2020-08-30,Yes
Celastrus orbiculatus,EE,2020-09-27,Yes
Celastrus orbiculatus,EE,2022-10-23,Yes
Celastrus orbiculatus,ES,2016-01-10,Yes
Celastrus orbiculatus,ES,2021-04-11,Yes
Celastrus orbiculatus,ES,2024-12-29,Yes
Celastrus orbiculatus,FI,2020-01-12,Yes
Celastrus orbiculatus,FI,2020-04-19,Yes
Celastrus orbiculatus,FR,2016-09-11,Yes
Celastrus orbiculatus,FR,2018-12-16,Yes
Celastrus orbiculatus,FR,2023-03-12,Yes
Celastrus orbiculatus,GB,2020-10-25,Yes
Celastrus orbiculatus,GB,2021-08-01,Yes
Celastrus orbiculatus,GB,2022-05-15,Yes
Celastrus orbiculatus,GB,2022-10-16,Yes
Celastrus orbiculatus,GR,2018-03-25,Yes
Celastrus orbiculatus,HU,2022-12-25,Yes
Celastrus orbiculatus,HU,2024-04-21,Yes
Celastrus orbiculatus,IE,2020-04-19,Yes
Celastrus orbiculatus,IT,2022-01-30,Yes
Celastrus orbiculatus,LT,2021-07-25,Yes
Celastrus orbiculatus,LT,2024-03-03,Yes
Celastrus orbiculatus,LU,2018-07-22,Yes
Celastrus orbiculatus,LU,2019-01-13,Yes
Celastrus orbiculatus,LV,2016-05-15,Yes
Celastrus orbiculatus,LV,2016-07-10,Yes
Celastrus orbiculatus,LV,2017-03-26,Yes
Celastrus orbiculatus,LV,2022-11-13,Yes
Celastrus orbiculatus,MT,2017-02-05,Yes
Celastrus orbiculatus,NL,2020-04-05,Yes
Celastrus orbiculatus,PL,2019-05-05,Yes
Celastrus orbiculatus,PL,2024-03-24,Yes
Celastrus orbiculatus,PL,2024-03-31,Yes
Celastrus orbiculatus,PL,2024-06-23,Yes
Celastrus orbiculatus,PT,2018-05-06,Yes
Celastrus orbiculatus,PT,2020-11-22,Yes
Celastrus orbiculatus,PT,2022-04-24,Yes
Celastrus orbiculatus,RO,2021-04-18,Yes
Celastrus orbiculatus,RO,2022-06-12,Yes
Celastrus orbiculatus,RO,2022-10-30,Yes
Celastrus orbiculatus,SE,2018-12-23,Yes
Celastrus orbiculatus,SE,2018-12-30,Yes
Celastrus orbiculatus,SE,2022-07-17,Yes
Celastrus orbiculatus,SE,2022-07-31,Yes
Celastrus orbiculatus,SI,2017-11-12,Yes
Celastrus orbiculatus,SI,2021-02-28,Yes
Celastrus orbiculatus,SK,2019-12-08,Yes
Channa argus,AT,2018-02-18,Yes
Channa argus,AT,2019-10-13,Yes
Channa argus,AT,2024-02-18,Yes
Channa argus,BG,2021-01-17,Yes
Channa argus,BG,2021-09-19,Yes
Channa argus,BG,2022-04-17,Yes
Channa argus,CY,2017-12-31,Yes
Channa argus,CY,2021-10-17,Yes
Channa argus,CY,2022-02-20,Yes
Channa argus,CZ,2017-01-15,Yes
Channa argus,CZ,2017-04-30,Yes
Channa argus,DE,2019-10-06,Yes
Channa argus,DE,2019-10-13,Yes
Channa argus,DE,2019-10-20,Yes
Channa argus,DE,2019-10-27,Yes
Channa argus,DK,2017-11-26,Yes
Channa argus,DK,2018-02-18,Yes
Channa argus,EE,2017-06-18,Yes
Channa argus,EE,2023-09-10,Yes
Channa argus,ES,2016-01-31,Yes
Channa argus,ES,2016-03-06,Yes
Channa argus,ES,2019-10-06,Yes
Channa argus,ES,2019-10-13,Yes
Channa argus,FI,2017-02-19,Yes
Channa argus,FI,2018-10-07,Yes
Channa argus,FI,2021-10-03,Yes
Channa argus,FI,2024-08-04,Yes
Channa argus,FR,2019-06-23,Yes
Channa argus,FR,2024-06-02,Yes
Channa argus,FR,2024-06-09,Yes
Channa argus,FR,2024-06-16,Yes
Channa argus,GB,2019-10-06,Yes
Channa argus,GB,2019-10-13,Yes
Channa argus,GB,2022-05-29,Yes
Channa argus,GB,2024-07-21,Yes
Channa argus,GR,2016-11-20,Yes
Channa argus,GR,2021-12-12,Yes
Channa argus,HR,2018-02-04,Yes
Channa argus,HU,2020-09-13,Yes
Channa argus,IE,2017-04-02,Yes
Channa argus,IE,2017-12-24,Yes
Channa argus,IE,2020-11-15,Yes
Channa argus,IE,2024-07-28,Yes
Channa argus,IT,2019-12-08,Yes
Channa argus,IT,2019-12-15,Yes
Channa argus,IT,2019-12-29,Yes
Channa argus,IT,2020-08-16,Yes
Channa argus,LT,2016-06-26,Yes
Channa argus,LT,2022-11-13,Yes
Channa argus,LU,2017-04-09,Yes
Channa argus,LU,2023-11-26,Yes
Channa argus,LV,2018-09-16,Yes
Channa argus,MT,2024-06-02,Yes
Channa argus,NL,2018-07-01,Yes
Channa argus,NL,2023-06-25,Yes
Channa argus,NL,2023-12-31,Yes
Channa argus,NL,2024-10-20,Yes
Channa argus,PL,2017-10-08,Yes
Channa argus,PL,2019-01-06,Yes
Channa argus,PL,2019-10-06,Yes
Channa argus,PL,2019-10-13,Yes
Channa argus,PT,2020-10-25,Yes
Channa argus,PT,2020-11-15,Yes
Channa argus,RO,2016-10-23,Yes
Channa argus,RO,2019-11-17,Yes
Channa argus,SE,2019-10-06,Yes
Channa argus,SE,2020-11-22,Yes
Channa argus,SE,2024-07-14,Yes
Channa argus,SE,2024-10-20,Yes
Channa argus,SI,2017-06-04,Yes
Channa argus,SK,2017-08-06,Yes
Channa argus,SK,2017-10-15,Yes
Channa argus,SK,2019-04-28,Yes
Channa argus,SK,2019-08-11,Yes
Cortaderia jubata,AT,2018-09-02,Yes
Cortaderia jubata,BE,2017-01-22,Yes
Cortaderia jubata,BG,2017-12-03,Yes
Cortaderia jubata,BG,2024-12-22,Yes
Cortaderia jubata,CY,2016-10-09,Yes
Cortaderia jubata,CZ,2019-09-08,Yes
Cortaderia jubata,CZ,2022-02-27,Yes
Cortaderia jubata,DE,2017-10-08,Yes
Cortaderia jubata,DE,2020-04-26,Yes
Cortaderia jubata,DE,2022-04-03,Yes
Cortaderia jubata,DE,2024-03-17,Yes
Cortaderia jubata,ES,2021-11-14,Yes
Cortaderia jubata,ES,2023-03-12,Yes
Cortaderia jubata,ES,2024-10-20,Yes
Cortaderia jubata,FI,2023-02-26,Yes
Cortaderia jubata,FI,2024-02-04,Yes
Cortaderia jubata,FR,2021-02-28,Yes
Cortaderia jubata,FR,2023-07-23,Yes
Cortaderia jubata,GB,2020-07-05,Yes
Cortaderia jubata,GB,2020-12-27,Yes
Cortaderia jubata,GB,2022-02-06,Yes
Cortaderia jubata,GB,2022-03-13,Yes
Cortaderia jubata,GR,2019-09-08,Yes
Cortaderia jubata,GR,2023-09-17,Yes
Cortaderia jubata,HR,2017-07-09,Yes
Cortaderia jubata,HR,2019-12-29,Yes
Cortaderia jubata,HU,2022-10-16,Yes
Cortaderia jubata,IE,2022-12-04,Yes
Cortaderia jubata,IT,2018-07-29,Yes
Cortaderia jubata,IT,2020-04-19,Yes
Cortaderia jubata,LT,2017-08-20,Yes
Cortaderia jubata,LT,2019-05-05,Yes
Cortaderia jubata,LT,2024-10-06,Yes
Cortaderia jubata,LU,2016-07-17,Yes
Cortaderia jubata,LU,2018-11-04,Yes
Cortaderia jubata,LV,2023-07-09,Yes
Cortaderia jubata,NL,2016-05-15,Yes
Cortaderia jubata,PL,2016-07-31,Yes
Cortaderia jubata,PL,2018-09-23,Yes
Cortaderia jubata,PL,2018-11-18,Yes
Cortaderia jubata,PL,2021-04-11,Yes
Corvus splendens,AT,2020-09-27,Yes
Corvus splendens,AT,2022-11-20,Yes
Corvus splendens,AT,2023-03-26,Yes
Corvus splendens,AT,2023-06-18,Yes
Corvus splendens,BE,2020-11-08,Yes
Corvus splendens,BG,2016-10-02,Yes
Corvus splendens,CY,2016-01-10,Yes
Corvus splendens,CY,2020-06-07,Yes
Corvus splendens,CY,2021-12-19,Yes
Corvus splendens,CZ,2019-04-21,Yes
Corvus splendens,CZ,2020-11-15,Yes
Corvus splendens,CZ,2021-01-24,Yes
Corvus splendens,DE,2018-03-18,Yes
Corvus splendens,DE,2022-04-03,Yes
Corvus splendens,EE,2016-08-28,Yes
Corvus splendens,EE,2020-09-13,Yes
Corvus splendens,EE,2021-10-03,Yes
Corvus splendens,ES,2017-12-10,Yes
Corvus splendens,FI,2016-05-22,Yes
Corvus splendens,FI,2022-12-04,Yes
Corvus splendens,FR,2022-10-23,Yes
Corvus splendens,FR,2024-12-15,Yes
Corvus splendens,FR,2024-12-22,Yes
Corvus splendens,FR,2024-12-29,Yes
Corvus splendens,GB,2022-02-13,Yes
Corvus splendens,GB,2022-05-15,Yes
Corvus splendens,GR,2024-03-17,Yes
Corvus splendens,HR,2018-01-28,Yes
Corvus splendens,HR,2024-07-21,Yes
Corvus splendens,HU,2018-04-08,Yes
Corvus splendens,IE,2018-09-09,Yes
Corvus splendens,IT,2020-09-27,Yes
Corvus splendens,IT,2022-03-20,Yes
Corvus splendens,IT,2022-08-21,Yes
Corvus splendens,IT,2024-11-03,Yes
Corvus splendens,LT,2022-08-14,Yes
Corvus splendens,LU,2018-09-09,Yes
Corvus splendens,LV,2016-10-02,Yes
Corvus splendens,LV,2023-07-02,Yes
Corvus splendens,MT,2020-06-28,Yes
Corvus splendens,MT,2024-08-04,Yes
Corvus splendens,NL,2016-02-14,Yes
Corvus splendens,NL,2016-05-15,Yes
Corvus splendens,NL,2018-04-08,Yes
Corvus splendens,PL,2019-03-10,Yes
Corvus splendens,PL,2023-02-12,Yes
Corvus splendens,SE,2019-12-22,Yes
Corvus splendens,SE,2024-12-22,Yes
Corvus splendens,SI,2018-10-21,Yes
Corvus splendens,SK,2017-01-08,Yes
Ehrharta calycina,AT,2018-04-08,Yes
Ehrharta calycina,AT,2021-11-07,Yes
Ehrharta calycina,BE,2017-10-08,Yes
Ehrharta calycina,BG,2019-01-13,Yes
Ehrharta calycina,CY,2024-03-24,Yes
Ehrharta calycina,DE,2024-03-17,Yes
Ehrharta calycina,DK,2021-06-20,Yes
Ehrharta calycina,DK,2024-04-21,Yes
Ehrharta calycina,EE,2023-04-02,Yes
Ehrharta calycina,ES,2016-07-24,Yes
Ehrharta calycina,ES,2018-06-03,Yes
Ehrharta calycina,ES,2023-07-30,Yes
Ehrharta calycina,FR,2018-09-16,Yes
Ehrharta calycina,GB,2017-08-13,Yes
Ehrharta calycina,GB,2021-10-10,Yes
Ehrharta calycina,HR,2019-08-25,Yes
Ehrharta calycina,IE,2016-06-26,Yes
Ehrharta calycina,IT,2023-06-04,Yes
Ehrharta calycina,IT,2023-12-10,Yes
Ehrharta calycina,LU,2017-02-05,Yes
Ehrharta calycina,LU,2022-03-20,Yes
Ehrharta calycina,MT,2019-08-11,Yes
Ehrharta calycina,NL,2016-04-17,Yes
Ehrharta calycina,NL,2018-04-22,Yes
Ehrharta calycina,PL,2017-04-16,Yes
Ehrharta calycina,PL,2018-12-23,Yes
Ehrharta calycina,PL,2021-07-25,Yes
Ehrharta calycina,SE,2018-08-19,Yes
Ehrharta calycina,SE,2022-10-09,Yes
Ehrharta calycina,SI,2021-08-01,Yes
Ehrharta calycina,SK,2016-12-11,Yes
Ehrharta calycina,SK,2020-02-09,Yes
Elodea nuttallii,AT,2016-06-19,Yes
Elodea nuttallii,AT,2023-11-12,Yes
Elodea nuttallii,BE,2016-09-11,Yes
Elodea nuttallii,BE,2017-02-26,Yes
Elodea nuttallii,BE,2024-08-11,Yes
Elodea nuttallii,BG,2016-04-17,Yes
Elodea nuttallii,BG,2023-02-26,Yes
Elodea nuttallii,CZ,2016-09-18,Yes
Elodea nuttallii,CZ,2017-06-04,Yes
Elodea nuttallii,CZ,2018-04-08,Yes
Elodea nuttallii,CZ,2019-12-08,Yes
Elodea nuttallii,DE,2016-07-17,Yes
Elodea nuttallii,DK,2018-02-04,Yes
Elodea nuttallii,ES,2016-12-18,Yes
Elodea nuttallii,FI,2021-06-27,Yes
Elodea nuttallii,FI,2021-10-03,Yes
Elodea nuttallii,FI,2023-08-20,Yes
Elodea nuttallii,FI,2023-09-03,Yes
Elodea nuttallii,FR,2020-05-10,Yes
Elodea nuttallii,FR,2024-08-25,Yes
Elodea nuttallii,GB,2018-04-29,Yes
Elodea nuttallii,GB,2022-02-20,Yes
Elodea nuttallii,HR,2016-05-01,Yes
Elodea nuttallii,HU,2017-07-30,Yes
Elodea nuttallii,HU,2018-04-15,Yes
Elodea nuttallii,IE,2020-02-02,Yes
Elodea nuttallii,IE,2024-05-19,Yes
Elodea nuttallii,IT,2021-08-01,Yes
Elodea nuttallii,IT,2022-08-14,Yes
Elodea nuttallii,IT,2023-08-13,Yes
Elodea nuttallii,IT,2023-10-01,Yes
Elodea nuttallii,LT,2024-05-12,Yes
Elodea nuttallii,LU,2019-03-03,Yes
Elodea nuttallii,LU,2023-04-02,Yes
Elodea nuttallii,LV,2018-09-02,Yes
Elodea nuttallii,LV,2023-12-03,Yes
Elodea nuttallii,MT,2016-05-08,Yes
Elodea nuttallii,NL,2018-06-03,Yes
Elodea nuttallii,NL,2022-07-17,Yes
Elodea nuttallii,PT,2016-09-04,Yes
Elodea nuttallii,PT,2023-02-26,Yes
Elodea nuttallii,RO,2017-01-15,Yes
Elodea nuttallii,RO,2018-06-24,Yes
Elodea nuttallii,RO,2018-12-30,Yes
Elodea nuttallii,RO,2021-11-07,Yes
Elodea nuttallii,SE,2016-02-21,Yes
Elodea nuttallii,SE,2017-07-30,Yes
Elodea nuttallii,SE,2023-11-05,Yes
Elodea nuttallii,SE,2024-06-30,Yes
Elodea nuttallii,SI,2016-05-22,Yes
Elodea nuttallii,SI,2017-11-26,Yes
Elodea nuttallii,SI,2019-03-31,Yes
Elodea nuttallii,SK,2020-04-12,Yes
Eriocheir sinensis,AT,2017-03-26,Yes
Eriocheir sinensis,AT,2020-03-01,Yes
Eriocheir sinensis,AT,2023-06-11,Yes
Eriocheir sinensis,AT,2024-11-24,Yes
Eriocheir sinensis,BE,2016-06-19,Yes
Eriocheir sinensis,BE,2016-09-11,Yes
Eriocheir sinensis,BE,2016-10-02,Yes
Eriocheir sinensis,BE,2019-06-16,Yes
Eriocheir sinensis,BG,2020-02-23,Yes
Eriocheir sinensis,BG,2021-11-14,Yes
Eriocheir sinensis,CZ,2018-03-11,Yes
Eriocheir sinensis,CZ,2019-11-03,Yes
Eriocheir sinensis,CZ,2020-07-26,Yes
Eriocheir sinensis,CZ,2021-05-09,Yes
Eriocheir sinensis,DE,2019-09-15,Yes
Eriocheir sinensis,DE,2022-09-11,Yes
Eriocheir sinensis,DE,2024-02-25,Yes
Eriocheir sinensis,DE,2024-10-06,Yes
Eriocheir sinensis,DK,2017-02-19,Yes
Eriocheir sinensis,DK,2018-04-22,Yes
Eriocheir sinensis,DK,2023-09-03,Yes
Eriocheir sinensis,EE,2017-04-30,Yes
Eriocheir sinensis,ES,2018-07-22,Yes
Eriocheir sinensis,ES,2019-08-04,Yes
Eriocheir sinensis,ES,2021-09-05,Yes
Eriocheir sinensis,ES,2022-01-09,Yes
Eriocheir sinensis,FI,2016-03-13,Yes
Eriocheir sinensis,FI,2019-05-26,Yes
Eriocheir sinensis,FI,2024-12-01,Yes
Eriocheir sinensis,FR,2019-10-06,Yes
Eriocheir sinensis,FR,2019-10-13,Yes
Eriocheir sinensis,FR,2020-10-18,Yes
Eriocheir sinensis,FR,2020-11-15,Yes
Eriocheir sinensis,GB,2023-10-08,Yes
Eriocheir sinensis,GB,2023-10-15,Yes
Eriocheir sinensis,GB,2023-10-22,Yes
Eriocheir sinensis,GB,2024-05-19,Yes
Eriocheir sinensis,HU,2017-10-08,Yes
Eriocheir sinensis,HU,2020-04-19,Yes
Eriocheir sinensis,HU,2021-11-14,Yes
Eriocheir sinensis,IE,2023-03-26,Yes
Eriocheir sinensis,IT,2022-04-17,Yes
Eriocheir sinensis,IT,2023-01-22,Yes
Eriocheir sinensis,IT,2023-01-29,Yes
Eriocheir sinensis,LT,2016-01-24,Yes
Eriocheir sinensis,LT,2017-10-22,Yes
Eriocheir sinensis,LU,2017-07-16,Yes
Eriocheir sinensis,MT,2016-06-19,Yes
Eriocheir sinensis,MT,2017-04-02,Yes
Eriocheir sinensis,MT,2017-10-08,Yes
Eriocheir sinensis,MT,2021-12-12,Yes
Eriocheir sinensis,NL,2017-05-28,Yes
Eriocheir sinensis,NL,2018-10-07,Yes
Eriocheir sinensis,NL,2020-07-12,Yes
Eriocheir sinensis,NL,2022-05-01,Yes
Eriocheir sinensis,PL,2020-12-13,Yes
Eriocheir sinensis,PT,2018-04-29,Yes
Eriocheir sinensis,PT,2021-09-05,Yes
Eriocheir sinensis,RO,2016-02-14,Yes
Eriocheir sinensis,RO,2021-10-03,Yes
Eriocheir sinensis,RO,2022-10-16,Yes
Eriocheir sinensis,SE,2021-04-11,Yes
Eriocheir sinensis,SE,2021-07-25,Yes
Eriocheir sinensis,SE,2022-09-11,Yes
Eriocheir sinensis,SE,2023-10-22,Yes
Eriocheir sinensis,SK,2018-11-04,Yes
Faxonius limosus,AT,2016-06-19,Yes
Faxonius limosus,AT,2024-06-09,Yes
Faxonius limosus,BE,2018-07-29,Yes
Faxonius limosus,BE,2020-08-30,Yes
Faxonius limosus,BE,2022-05-08,Yes
Faxonius limosus,BE,2022-07-17,Yes
Faxonius limosus,CY,2020-12-27,Yes
Faxonius limosus,CZ,2016-10-30,Yes
Faxonius limosus,CZ,2017-10-15,Yes
Faxonius limosus,CZ,2018-03-18,Yes
Faxonius limosus,CZ,2021-06-27,Yes
Faxonius limosus,DE,2017-07-23,Yes
Faxonius limosus,DE,2017-08-20,Yes
Faxonius limosus,DE,2020-09-13,Yes
Faxonius limosus,DE,2021-12-12,Yes
Faxonius limosus,DK,2022-01-23,Yes
Faxonius limosus,EE,2021-05-02,Yes
Faxonius limosus,ES,2018-04-01,Yes
Faxonius limosus,ES,2020-12-06,Yes
Faxonius limosus,ES,2022-02-27,Yes
Faxonius limosus,FI,2016-08-21,Yes
Faxonius limosus,FI,2019-10-06,Yes
Faxonius limosus,FR,2017-08-13,Yes
Faxonius limosus,FR,2020-08-09,Yes
Faxonius limosus,FR,2022-08-14,Yes
Faxonius limosus,FR,2024-08-11,Yes
Faxonius limosus,GB,2024-04-28,Yes
Faxonius limosus,GB,2024-05-05,Yes
Faxonius limosus,GB,2024-05-12,Yes
Faxonius limosus,GB,2024-05-26,Yes
Faxonius limosus,HR,2017-03-26,Yes
Faxonius limosus,HR,2021-09-12,Yes
Faxonius limosus,HU,2023-12-17,Yes
Faxonius limosus,IE,2017-09-10,Yes
Faxonius limosus,IE,2018-12-30,Yes
Faxonius limosus,IT,2016-11-13,Yes
Faxonius limosus,IT,2017-02-05,Yes
Faxonius limosus,LT,2019-08-25,Yes
Faxonius limosus,LT,2022-07-17,Yes
Faxonius limosus,LU,2024-06-23,Yes
Faxonius limosus,MT,2016-03-27,Yes
Faxonius limosus,MT,2020-03-15,Yes
Faxonius limosus,NL,2016-06-26,Yes
Faxonius limosus,NL,2019-08-11,Yes
Faxonius limosus,PL,2016-08-21,Yes
Faxonius limosus,PL,2016-09-04,Yes
Faxonius limosus,PL,2017-02-26,Yes
Faxonius limosus,PL,2017-08-13,Yes
Faxonius limosus,RO,2017-04-02,Yes
Faxonius limosus,RO,2020-04-19,Yes
Faxonius limosus,SE,2016-11-13,Yes
Faxonius limosus,SE,2022-11-20,Yes
Faxonius limosus,SI,2018-05-27,Yes
Faxonius limosus,SI,2018-07-22,Yes
Faxonius limosus,SK,2019-04-21,Yes
Faxonius limosus,SK,2021-01-10,Yes
Faxonius rusticus,BE,2017-11-19,Yes
Faxonius rusticus,BE,2019-06-23,Yes
Faxonius rusticus,CY,2017-09-03,Yes
Faxonius rusticus,DE,2019-09-22,Yes
Faxonius rusticus,DE,2022-02-20,Yes
Faxonius rusticus,ES,2017-07-02,Yes
Faxonius rusticus,ES,2017-10-29,Yes
Faxonius rusticus,FI,2018-03-18,Yes
Faxonius rusticus,FR,2020-08-02,Yes
Faxonius rusticus,FR,2021-02-28,Yes
Faxonius rusticus,FR,2023-11-19,Yes
Faxonius rusticus,FR,2024-03-31,Yes
Faxonius rusticus,GB,2018-09-09,Yes
Faxonius rusticus,GB,2019-05-26,Yes
Faxonius rusticus,HR,2024-03-03,Yes
Faxonius rusticus,HU,2019-12-29,Yes
Faxonius rusticus,IE,2021-01-31,Yes
Faxonius rusticus,IT,2016-06-26,Yes
Faxonius rusticus,LU,2017-06-04,Yes
Faxonius rusticus,LV,2021-01-03,Yes
Faxonius rusticus,MT,2016-05-22,Yes
Faxonius rusticus,MT,2017-02-05,Yes
Faxonius rusticus,PL,2018-05-06,Yes
Faxonius rusticus,PL,2021-12-19,Yes
Faxonius rusticus,PT,2017-02-19,Yes
Faxonius rusticus,PT,2018-07-22,Yes
Faxonius rusticus,PT,2018-09-30,Yes
Faxonius rusticus,PT,2020-08-23,Yes
Faxonius rusticus,RO,2016-09-04,Yes
Faxonius rusticus,SE,2020-05-17,Yes
Faxonius rusticus,SE,2022-02-27,Yes
Faxonius rusticus,SI,2019-05-12,Yes
Faxonius rusticus,SK,2017-11-19,Yes
Faxonius virilis,AT,2016-01-03,Yes
Faxonius virilis,AT,2016-04-03,Yes
Faxonius virilis,AT,2017-01-01,Yes
Faxonius virilis,BE,2018-02-04,Yes
Faxonius virilis,BE,2019-10-20,Yes
Faxonius virilis,BE,2023-03-05,Yes
Faxonius virilis,BE,2024-10-27,Yes
Faxonius virilis,BG,2016-01-03,Yes
Faxonius virilis,BG,2016-04-03,Yes
Faxonius virilis,BG,2016-07-03,Yes
Faxonius virilis,CY,2024-09-08,Yes
Faxonius virilis,CZ,2017-03-19,Yes
Faxonius virilis,EE,2016-08-07,Yes
Faxonius virilis,EE,2017-02-19,Yes
Faxonius virilis,EE,2019-01-06,Yes
Faxonius virilis,ES,2016-07-10,Yes
Faxonius virilis,ES,2024-07-28,Yes
Faxonius virilis,FI,2019-10-27,Yes
Faxonius virilis,FR,2023-12-17,Yes
Faxonius virilis,GB,2021-08-08,Yes
Faxonius virilis,GR,2022-08-28,Yes
Faxonius virilis,GR,2024-10-27,Yes
Faxonius virilis,HR,2017-04-09,Yes
Faxonius virilis,IT,2016-04-17,Yes
Faxonius virilis,IT,2021-09-19,Yes
Faxonius virilis,LT,2017-09-17,Yes
Faxonius virilis,LU,2022-10-23,Yes
Faxonius virilis,LV,2017-12-03,Yes
Faxonius virilis,LV,2022-10-02,Yes
Faxonius virilis,LV,2024-03-03,Yes
Faxonius virilis,MT,2016-09-04,Yes
Faxonius virilis,MT,2018-03-11,Yes
Faxonius virilis,MT,2021-04-04,Yes
Faxonius virilis,MT,2021-07-25,Yes
Faxonius virilis,NL,2022-10-02,Yes
Faxonius virilis,NL,2024-03-10,Yes
Faxonius virilis,PT,2018-08-12,Yes
Faxonius virilis,RO,2024-01-28,Yes
Faxonius virilis,SI,2017-09-03,Yes
Faxonius virilis,SI,2018-08-19,Yes
Faxonius virilis,SI,2019-11-24,Yes
Faxonius virilis,SI,2024-09-15,Yes
Faxonius virilis,SK,2017-09-17,Yes
Fundulus heteroclitus,AT,2024-03-10,Yes
Fundulus heteroclitus,BE,2017-04-23,Yes
Fundulus heteroclitus,BE,2018-11-18,Yes
Fundulus heteroclitus,BE,2023-10-08,Yes
Fundulus heteroclitus,BE,2024-06-30,Yes
Fundulus heteroclitus,BG,2019-05-12,Yes
Fundulus heteroclitus,BG,2023-12-31,Yes
Fundulus heteroclitus,CZ,2018-12-30,Yes
Fundulus heteroclitus,CZ,2021-11-28,Yes
Fundulus heteroclitus,CZ,2023-12-03,Yes
Fundulus heteroclitus,CZ,2024-11-03,Yes
Fundulus heteroclitus,DE,2018-10-07,Yes
Fundulus heteroclitus,DE,2022-07-31,Yes
Fundulus heteroclitus,DE,2024-07-28,Yes
Fundulus heteroclitus,DE,2024-08-25,Yes
Fundulus heteroclitus,DK,2018-02-04,Yes
Fundulus heteroclitus,ES,2016-10-23,Yes
Fundulus heteroclitus,ES,2020-02-02,Yes
Fundulus heteroclitus,ES,2022-06-12,Yes
Fundulus heteroclitus,FI,2020-05-31,Yes
Fundulus heteroclitus,FR,2017-12-31,Yes
Fundulus heteroclitus,FR,2020-03-29,Yes
Fundulus heteroclitus,GB,2021-03-21,Yes
Fundulus heteroclitus,GR,2016-05-15,Yes
Fundulus heteroclitus,HR,2020-11-15,Yes
Fundulus heteroclitus,HR,2022-04-10,Yes
Fundulus heteroclitus,HR,2022-07-03,Yes
Fundulus heteroclitus,HU,2017-10-22,Yes
Fundulus heteroclitus,IT,2023-08-20,Yes
Fundulus heteroclitus,IT,2023-09-10,Yes
Fundulus heteroclitus,LT,2017-06-18,Yes
Fundulus heteroclitus,LT,2021-05-09,Yes
Fundulus heteroclitus,LV,2024-01-21,Yes
Fundulus heteroclitus,MT,2019-02-10,Yes
Fundulus heteroclitus,NL,2016-03-06,Yes
Fundulus heteroclitus,NL,2016-07-17,Yes
Fundulus heteroclitus,NL,2021-08-08,Yes
Fundulus heteroclitus,PL,2022-12-11,Yes
Fundulus heteroclitus,PT,2023-05-07,Yes
Fundulus heteroclitus,RO,2020-05-10,Yes
Fundulus heteroclitus,SI,2018-12-16,Yes
Fundulus heteroclitus,SI,2019-12-01,Yes
Fundulus heteroclitus,SI,2023-02-19,Yes
Gambusia affinis,AT,2016-01-31,Yes
Gambusia affinis,AT,2016-05-01,Yes
Gambusia affinis,BE,2016-07-03,Yes
Gambusia affinis,BE,2017-12-17,Yes
Gambusia affinis,BE,2022-04-10,Yes
Gambusia affinis,BE,2023-01-29,Yes
Gambusia affinis,BG,2016-01-03,Yes
Gambusia affinis,BG,2024-12-22,Yes
Gambusia affinis,CY,2016-05-08,Yes
Gambusia affinis,CY,2017-01-29,Yes
Gambusia affinis,CY,2023-08-06,Yes
Gambusia affinis,CZ,2022-11-20,Yes
Gambusia affinis,CZ,2023-08-06,Yes
Gambusia affinis,DE,2017-08-20,Yes
Gambusia affinis,DE,2017-10-08,Yes
Gambusia affinis,DE,2018-06-17,Yes
Gambusia affinis,DE,2019-02-10,Yes
Gambusia affinis,DK,2016-07-03,Yes
Gambusia affinis,DK,2016-07-10,Yes
Gambusia affinis,DK,2018-02-25,Yes
Gambusia affinis,DK,2019-07-28,Yes
Gambusia affinis,EE,2023-03-12,Yes
Gambusia affinis,ES,2018-07-01,Yes
Gambusia affinis,ES,2019-05-19,Yes
Gambusia affinis,ES,2024-04-21,Yes
Gambusia affinis,ES,2024-08-18,Yes
Gambusia affinis,FI,2017-02-19,Yes
Gambusia affinis,FI,2018-10-21,Yes
Gambusia affinis,FI,2020-11-08,Yes
Gambusia affinis,FI,2022-12-04,Yes
Gambusia affinis,FR,2020-06-14,Yes
Gambusia affinis,FR,2023-05-28,Yes
Gambusia affinis,FR,2023-06-18,Yes
Gambusia affinis,FR,2024-08-11,Yes
Gambusia affinis,GB,2018-07-22,Yes
Gambusia affinis,GB,2019-05-26,Yes
Gambusia affinis,GB,2019-06-02,Yes
Gambusia affinis,GB,2021-07-18,Yes
Gambusia affinis,GR,2018-11-18,Yes
Gambusia affinis,GR,2019-06-02,Yes
Gambusia affinis,GR,2020-08-30,Yes
Gambusia affinis,GR,2021-04-18,Yes
Gambusia affinis,HU,2016-02-14,Yes
Gambusia affinis,HU,2018-02-11,Yes
Gambusia affinis,IE,2021-03-07,Yes
Gambusia affinis,IT,2018-08-26,Yes
Gambusia affinis,IT,2019-08-11,Yes
Gambusia affinis,IT,2022-09-18,Yes
Gambusia affinis,IT,2024-05-19,Yes
Gambusia affinis,LU,2017-10-22,Yes
Gambusia affinis,LU,2019-12-15,Yes
Gambusia affinis,LU,2022-06-12,Yes
Gambusia affinis,LV,2023-03-05,Yes
Gambusia affinis,NL,2023-05-28,Yes
Gambusia affinis,NL,2024-02-04,Yes
Gambusia affinis,PL,2016-03-20,Yes
Gambusia affinis,PL,2017-12-03,Yes
Gambusia affinis,PT,2016-06-12,Yes
Gambusia affinis,RO,2018-08-05,Yes
Gambusia affinis,RO,2018-08-26,Yes
Gambusia affinis,RO,2022-07-31,Yes
Gambusia affinis,RO,2023-05-14,Yes
Gambusia affinis,SE,2016-01-10,Yes
Gambusia affinis,SE,2016-12-18,Yes
Gambusia affinis,SE,2018-10-07,Yes
Gambusia affinis,SE,2022-10-16,Yes
Gambusia affinis,SI,2016-02-21,Yes
Gambusia affinis,SI,2021-01-10,Yes
Gambusia affinis,SK,2016-06-19,Yes
Gambusia affinis,SK,2017-10-29,Yes
Gambusia affinis,SK,2019-05-05,Yes
Gambusia holbrooki,AT,2018-12-16,Yes
Gambusia holbrooki,AT,2019-10-27,Yes
Gambusia holbrooki,BE,2021-01-10,Yes
Gambusia holbrooki,BG,2021-03-07,Yes
Gambusia holbrooki,CY,2020-08-02,Yes
Gambusia holbrooki,CZ,2024-02-04,Yes
Gambusia holbrooki,DE,2022-07-17,Yes
Gambusia holbrooki,DK,2024-05-26,Yes
Gambusia holbrooki,EE,2017-09-24,Yes
Gambusia holbrooki,ES,2022-05-15,Yes
Gambusia holbrooki,FI,2023-12-03,Yes
Gambusia holbrooki,FR,2020-11-08,Yes
Gambusia holbrooki,IE,2020-03-08,Yes
Gambusia holbrooki,IE,2023-05-14,Yes
Gambusia holbrooki,IT,2016-07-10,Yes
Gambusia holbrooki,IT,2021-11-21,Yes
Gambusia holbrooki,IT,2022-04-10,Yes
Gambusia holbrooki,IT,2024-08-25,Yes
Gambusia holbrooki,LT,2017-12-17,Yes
Gambusia holbrooki,LT,2019-10-27,Yes
Gambusia holbrooki,LU,2020-05-03,Yes
Gambusia holbrooki,LV,2022-07-17,Yes
Gambusia holbrooki,NL,2016-11-06,Yes
Gambusia holbrooki,PL,2018-05-13,Yes
Gambusia holbrooki,PL,2020-10-25,Yes
Gambusia holbrooki,PL,2023-05-07,Yes
Gambusia holbrooki,PT,2021-08-29,Yes
Gambusia holbrooki,PT,2023-04-23,Yes
Gambusia holbrooki,RO,2018-02-04,Yes
Gambusia holbrooki,SE,2021-10-24,Yes
Gambusia holbrooki,SI,2019-10-20,Yes
Gambusia holbrooki,SI,2022-10-30,Yes
Gambusia holbrooki,SK,2022-03-27,Yes
Gambusia holbrooki,SK,2022-11-06,Yes
Gambusia holbrooki,SK,2024-03-31,Yes
Gambusia holbrooki,SK,2024-12-15,Yes
Gunnera tinctoria,AT,2017-03-12,Yes
Gunnera tinctoria,CY,2016-10-23,Yes
Gunnera tinctoria,CY,2018-08-26,Yes
Gunnera tinctoria,CY,2024-06-23,Yes
Gunnera tinctoria,CZ,2019-07-14,Yes
Gunnera tinctoria,DE,2023-07-02,Yes
Gunnera tinctoria,DK,2019-02-03,Yes
Gunnera tinctoria,DK,2021-03-14,Yes
Gunnera tinctoria,DK,2023-09-17,Yes
Gunnera tinctoria,ES,2022-12-18,Yes
Gunnera tinctoria,FR,2016-10-30,Yes
Gunnera tinctoria,FR,2023-08-20,Yes
Gunnera tinctoria,GB,2017-12-31,Yes
Gunnera tinctoria,GB,2021-01-24,Yes
Gunnera tinctoria,GB,2023-08-27,Yes
Gunnera tinctoria,GB,2024-02-04,Yes
Gunnera tinctoria,HU,2016-08-28,Yes
Gunnera tinctoria,HU,2017-07-02,Yes
Gunnera tinctoria,HU,2021-01-10,Yes
Gunnera tinctoria,IE,2023-02-19,Yes
Gunnera tinctoria,IT,2018-04-08,Yes
Gunnera tinctoria,IT,2018-08-26,Yes
Gunnera tinctoria,IT,2022-06-12,Yes
Gunnera tinctoria,LU,2018-08-12,Yes
Gunnera tinctoria,LU,2022-03-27,Yes
Gunnera tinctoria,LU,2024-08-04,Yes
Gunnera tinctoria,LV,2018-03-25,Yes
Gunnera tinctoria,MT,2018-03-25,Yes
Gunnera tinctoria,MT,2018-05-13,Yes
Gunnera tinctoria,MT,2018-12-02,Yes
Gunnera tinctoria,MT,2019-03-24,Yes
Gunnera tinctoria,NL,2016-10-30,Yes
Gunnera tinctoria,NL,2017-05-28,Yes
Gunnera tinctoria,NL,2022-06-26,Yes
Gunnera tinctoria,PT,2016-05-29,Yes
Gunnera tinctoria,PT,2019-03-31,Yes
Gunnera tinctoria,RO,2016-06-12,Yes
Gunnera tinctoria,RO,2023-12-24,Yes
Gunnera tinctoria,SE,2016-09-04,Yes
Gunnera tinctoria,SE,2022-01-30,Yes
Gunnera tinctoria,SI,2016-02-21,Yes
Gunnera tinctoria,SI,2024-11-10,Yes
Gunnera tinctoria,SK,2019-05-12,Yes
Gymnocoronis spilanthoides,AT,2021-08-15,Yes
Gymnocoronis spilanthoides,AT,2021-11-07,Yes
Gymnocoronis spilanthoides,BE,2023-07-30,Yes
Gymnocoronis spilanthoides,CY,2022-09-18,Yes
Gymnocoronis spilanthoides,CZ,2022-10-02,Yes
Gymnocoronis spilanthoides,DE,2017-01-29,Yes
Gymnocoronis spilanthoides,DE,2017-09-10,Yes
Gymnocoronis spilanthoides,DE,2020-09-13,Yes
Gymnocoronis spilanthoides,DK,2017-05-14,Yes
Gymnocoronis spilanthoides,DK,2020-01-12,Yes
Gymnocoronis spilanthoides,EE,2018-06-10,Yes
Gymnocoronis spilanthoides,EE,2020-05-31,Yes
Gymnocoronis spilanthoides,ES,2017-06-18,Yes
Gymnocoronis spilanthoides,ES,2022-12-11,Yes
Gymnocoronis spilanthoides,ES,2024-03-31,Yes
Gymnocoronis spilanthoides,FI,2017-01-29,Yes
Gymnocoronis spilanthoides,FR,2018-03-04,Yes
Gymnocoronis spilanthoides,FR,2018-07-15,Yes
Gymnocoronis spilanthoides,GB,2019-01-13,Yes
Gymnocoronis spilanthoides,GB,2019-11-17,Yes
Gymnocoronis spilanthoides,GR,2024-08-04,Yes
Gymnocoronis spilanthoides,GR,2024-10-27,Yes
Gymnocoronis spilanthoides,HR,2017-06-11,Yes
Gymnocoronis spilanthoides,HR,2022-08-28,Yes
Gymnocoronis spilanthoides,LT,2019-01-20,Yes
Gymnocoronis spilanthoides,LT,2019-02-10,Yes
Gymnocoronis spilanthoides,LT,2020-07-19,Yes
Gymnocoronis spilanthoides,LU,2020-05-10,Yes
Gymnocoronis spilanthoides,LU,2021-04-18,Yes
Gymnocoronis spilanthoides,MT,2016-06-19,Yes
Gymnocoronis spilanthoides,MT,2018-12-23,Yes
Gymnocoronis spilanthoides,MT,2021-09-12,Yes
Gymnocoronis spilanthoides,MT,2024-01-07,Yes
Gymnocoronis spilanthoides,NL,2016-02-21,Yes
Gymnocoronis spilanthoides,NL,2017-03-12,Yes
Gymnocoronis spilanthoides,NL,2023-05-14,Yes
Gymnocoronis spilanthoides,NL,2024-11-10,Yes
Gymnocoronis spilanthoides,RO,2023-04-30,Yes
Gymnocoronis spilanthoides,SE,2021-10-10,Yes
Gymnocoronis spilanthoides,SE,2022-03-20,Yes
Gymnocoronis spilanthoides,SE,2024-11-03,Yes
Gymnocoronis spilanthoides,SI,2019-08-25,Yes
Gymnocoronis spilanthoides,SI,2022-10-09,Yes
Gymnocoronis spilanthoides,SK,2023-02-05,Yes
Hakea sericea,AT,2018-01-21,Yes
Hakea sericea,AT,2018-12-09,Yes
Hakea sericea,AT,2022-02-06,Yes
Hakea sericea,BE,2019-09-22,Yes
Hakea sericea,CY,2016-08-07,Yes
Hakea sericea,CY,2019-08-04,Yes
Hakea sericea,CY,2019-11-10,Yes
Hakea sericea,CY,2024-06-02,Yes
Hakea sericea,CZ,2019-06-02,Yes
Hakea sericea,DK,2022-09-18,Yes
Hakea sericea,DK,2023-06-25,Yes
Hakea sericea,DK,2023-08-27,Yes
Hakea sericea,DK,2024-11-10,Yes
Hakea sericea,EE,2022-10-23,Yes
Hakea sericea,ES,2018-11-11,Yes
Hakea sericea,ES,2022-07-31,Yes
Hakea sericea,ES,2022-11-06,Yes
Hakea sericea,FR,2016-12-11,Yes
Hakea sericea,FR,2021-01-24,Yes
Hakea sericea,FR,2021-03-28,Yes
Hakea sericea,FR,2021-06-20,Yes
Hakea sericea,GB,2021-10-03,Yes
Hakea sericea,GR,2017-11-12,Yes
Hakea sericea,GR,2021-07-04,Yes
Hakea sericea,IE,2020-07-26,Yes
Hakea sericea,IE,2024-01-28,Yes
Hakea sericea,LT,2016-12-04,Yes
Hakea sericea,LT,2017-12-17,Yes
Hakea sericea,LT,2018-02-04,Yes
Hakea sericea,LT,2020-07-26,Yes
Hakea sericea,LU,2022-09-11,Yes
Hakea sericea,LU,2022-10-02,Yes
Hakea sericea,LU,2022-12-18,Yes
Hakea sericea,LV,2016-03-27,Yes
Hakea sericea,LV,2017-10-15,Yes
Hakea sericea,LV,2020-05-31,Yes
Hakea sericea,LV,2020-10-04,Yes
Hakea sericea,NL,2017-08-20,Yes
Hakea sericea,NL,2019-03-31,Yes
Hakea sericea,NL,2024-09-15,Yes
Hakea sericea,PL,2023-01-15,Yes
Hakea sericea,PT,2017-10-08,Yes
Hakea sericea,PT,2020-09-06,Yes
Hakea sericea,PT,2024-05-12,Yes
Hakea sericea,RO,2019-04-07,Yes
Hakea sericea,RO,2021-01-24,Yes
Hakea sericea,RO,2022-04-24,Yes
Hakea sericea,SE,2020-07-05,Yes
Hakea sericea,SE,2021-11-21,Yes
Hakea sericea,SI,2023-01-08,Yes
Heracleum mantegazzianum,AT,2016-07-24,Yes
Heracleum mantegazzianum,AT,2016-07-31,Yes
Heracleum mantegazzianum,AT,2016-08-07,Yes
Heracleum mantegazzianum,AT,2024-07-21,Yes
Heracleum mantegazzianum,BE,2016-07-17,Yes
Heracleum mantegazzianum,BE,2018-08-19,Yes
Heracleum mantegazzianum,BE,2023-06-11,Yes
Heracleum mantegazzianum,BE,2024-08-11,Yes
Heracleum mantegazzianum,BG,2019-09-29,Yes
Heracleum mantegazzianum,BG,2020-12-20,Yes
Heracleum mantegazzianum,BG,2021-08-01,Yes
Heracleum mantegazzianum,CY,2018-05-13,Yes
Heracleum mantegazzianum,CZ,2021-12-26,Yes
Heracleum mantegazzianum,CZ,2022-06-12,Yes
Heracleum mantegazzianum,CZ,2022-06-19,Yes
Heracleum mantegazzianum,CZ,2022-06-26,Yes
Heracleum mantegazzianum,DE,2021-06-27,Yes
Heracleum mantegazzianum,DE,2021-07-04,Yes
Heracleum mantegazzianum,DE,2021-07-11,Yes
Heracleum mantegazzianum,DE,2024-07-21,Yes
Heracleum mantegazzianum,DK,2019-07-07,Yes
Heracleum mantegazzianum,DK,2023-06-11,Yes
Heracleum mantegazzianum,DK,2023-10-01,Yes
Heracleum mantegazzianum,DK,2024-06-02,Yes
Heracleum mantegazzianum,EE,2019-09-15,Yes
Heracleum mantegazzianum,ES,2018-06-17,Yes
Heracleum mantegazzianum,ES,2021-07-18,Yes
Heracleum mantegazzianum,ES,2023-12-31,Yes
Heracleum mantegazzianum,ES,2024-05-12,Yes
Heracleum mantegazzianum,FI,2016-07-10,Yes
Heracleum mantegazzianum,FI,2022-06-26,Yes
Heracleum mantegazzianum,FR,2016-07-17,Yes
Heracleum mantegazzianum,FR,2018-06-17,Yes
Heracleum mantegazzianum,FR,2021-06-13,Yes
Heracleum mantegazzianum,FR,2024-06-16,Yes
Heracleum mantegazzianum,GB,2020-05-17,Yes
Heracleum mantegazzianum,GB,2020-05-24,Yes
Heracleum mantegazzianum,GB,2022-06-12,Yes
Heracleum mantegazzianum,GB,2023-06-25,Yes
Heracleum mantegazzianum,GR,2020-03-01,Yes
Heracleum mantegazzianum,GR,2024-07-28,Yes
Heracleum mantegazzianum,HR,2018-04-22,Yes
Heracleum mantegazzianum,HR,2018-05-27,Yes
Heracleum mantegazzianum,HR,2023-07-02,Yes
Heracleum mantegazzianum,HR,2024-06-09,Yes
Heracleum mantegazzianum,HU,2018-06-10,Yes
Heracleum mantegazzianum,HU,2020-07-05,Yes
Heracleum mantegazzianum,HU,2020-07-26,Yes
Heracleum mantegazzianum,HU,2023-07-02,Yes
Heracleum mantegazzianum,IE,2017-06-25,Yes
Heracleum mantegazzianum,IE,2019-08-04,Yes
Heracleum mantegazzianum,IE,2022-06-12,Yes
Heracleum mantegazzianum,IE,2024-07-07,Yes
Heracleum mantegazzianum,IT,2017-05-14,Yes
Heracleum mantegazzianum,IT,2018-07-15,Yes
Heracleum mantegazzianum,IT,2021-07-11,Yes
Heracleum mantegazzianum,IT,2021-08-01,Yes
Heracleum mantegazzianum,LT,2016-03-13,Yes
Heracleum mantegazzianum,LT,2016-12-25,Yes
Heracleum mantegazzianum,LT,2020-12-13,Yes
Heracleum mantegazzianum,LU,2017-05-14,Yes
Heracleum mantegazzianum,LU,2019-06-30,Yes
Heracleum mantegazzianum,NL,2016-06-12,Yes
Heracleum mantegazzianum,NL,2017-07-30,Yes
Heracleum mantegazzianum,NL,2018-05-06,Yes
Heracleum mantegazzianum,NL,2021-07-04,Yes
Heracleum mantegazzianum,PL,2018-07-15,Yes
Heracleum mantegazzianum,PL,2020-06-14,Yes
Heracleum mantegazzianum,PL,2022-07-03,Yes
Heracleum mantegazzianum,PL,2024-06-23,Yes
Heracleum mantegazzianum,SE,2017-07-23,Yes
Heracleum mantegazzianum,SE,2017-07-30,Yes
Heracleum mantegazzianum,SE,2019-07-07,Yes
Heracleum mantegazzianum,SE,2022-07-17,Yes
Heracleum mantegazzianum,SI,2017-12-03,Yes
Heracleum mantegazzianum,SI,2022-04-03,Yes
Heracleum mantegazzianum,SK,2016-07-31,Yes
Heracleum mantegazzianum,SK,2017-08-13,Yes
Heracleum mantegazzianum,SK,2024-07-14,Yes
Heracleum mantegazzianum,SK,2024-07-21,Yes
Heracleum persicum,AT,2017-01-08,Yes
Heracleum persicum,AT,2017-01-15,Yes
Heracleum persicum,AT,2018-08-12,Yes
Heracleum persicum,AT,2022-01-02,Yes
Heracleum persicum,BE,2016-05-01,Yes
Heracleum persicum,BE,2017-11-05,Yes
Heracleum persicum,BE,2019-09-22,Yes
Heracleum persicum,BE,2019-10-20,Yes
Heracleum persicum,BG,2020-11-08,Yes
Heracleum persicum,CY,2018-04-15,Yes
Heracleum persicum,CY,2021-09-12,Yes
Heracleum persicum,CY,2023-03-19,Yes
Heracleum persicum,CZ,2023-12-31,Yes
Heracleum persicum,DE,2022-11-06,Yes
Heracleum persicum,DE,2022-12-18,Yes
Heracleum persicum,DE,2023-12-24,Yes
Heracleum persicum,DE,2024-02-11,Yes
Heracleum persicum,DK,2016-08-28,Yes
Heracleum persicum,DK,2021-04-11,Yes
Heracleum persicum,DK,2024-09-29,Yes
Heracleum persicum,EE,2017-06-25,Yes
Heracleum persicum,ES,2019-07-28,Yes
Heracleum persicum,ES,2021-03-07,Yes
Heracleum persicum,FI,2017-07-02,Yes
Heracleum persicum,FI,2017-07-09,Yes
Heracleum persicum,FI,2017-07-16,Yes
Heracleum persicum,FI,2017-07-23,Yes
Heracleum persicum,FR,2016-12-25,Yes
Heracleum persicum,FR,2023-12-17,Yes
Heracleum persicum,GB,2017-09-10,Yes
Heracleum persicum,GB,2022-12-18,Yes
Heracleum persicum,GB,2023-06-25,Yes
Heracleum persicum,GR,2016-09-04,Yes
Heracleum persicum,HR,2020-01-05,Yes
Heracleum persicum,HR,2021-11-21,Yes
Heracleum persicum,HR,2022-10-16,Yes
Heracleum persicum,HR,2022-10-23,Yes
Heracleum persicum,IE,2020-08-30,Yes
Heracleum persicum,IE,2022-06-26,Yes
Heracleum persicum,IT,2017-01-08,Yes
Heracleum persicum,IT,2020-09-27,Yes
Heracleum persicum,IT,2022-12-18,Yes
Heracleum persicum,LT,2018-10-21,Yes
Heracleum persicum,LT,2024-07-28,Yes
Heracleum persicum,LU,2024-06-23,Yes
Heracleum persicum,LV,2020-02-02,Yes
Heracleum persicum,LV,2022-01-16,Yes
Heracleum persicum,MT,2017-11-12,Yes
Heracleum persicum,NL,2019-05-12,Yes
Heracleum persicum,NL,2019-09-01,Yes
Heracleum persicum,PL,2024-03-17,Yes
Heracleum persicum,PT,2018-12-23,Yes
Heracleum persicum,PT,2020-02-09,Yes
Heracleum persicum,PT,2020-04-05,Yes
Heracleum persicum,RO,2018-02-18,Yes
Heracleum persicum,RO,2019-09-01,Yes
Heracleum persicum,RO,2024-06-09,Yes
Heracleum persicum,SE,2017-04-02,Yes
Heracleum persicum,SE,2019-07-07,Yes
Heracleum persicum,SE,2019-07-14,Yes
Heracleum persicum,SE,2021-09-05,Yes
Heracleum persicum,SK,2020-08-16,Yes
Heracleum sosnowskyi,AT,2020-10-04,Yes
Heracleum sosnowskyi,AT,2022-06-19,Yes
Heracleum sosnowskyi,BE,2024-06-16,Yes
Heracleum sosnowskyi,BG,2024-06-16,Yes
Heracleum sosnowskyi,CY,2020-02-09,Yes
Heracleum sosnowskyi,CY,2021-04-18,Yes
Heracleum sosnowskyi,CZ,2020-06-07,Yes
Heracleum sosnowskyi,CZ,2024-08-25,Yes
Heracleum sosnowskyi,DE,2018-06-10,Yes
Heracleum sosnowskyi,DE,2018-07-08,Yes
Heracleum sosnowskyi,DE,2021-06-27,Yes
Heracleum sosnowskyi,DE,2021-07-18,Yes
Heracleum sosnowskyi,DK,2024-07-14,Yes
Heracleum sosnowskyi,EE,2019-01-27,Yes
Heracleum sosnowskyi,ES,2018-05-20,Yes
Heracleum sosnowskyi,ES,2022-04-17,Yes
Heracleum sosnowskyi,ES,2023-04-02,Yes
Heracleum sosnowskyi,FI,2022-08-14,Yes
Heracleum sosnowskyi,GB,2017-06-04,Yes
Heracleum sosnowskyi,GB,2018-06-10,Yes
Heracleum sosnowskyi,GB,2019-06-23,Yes
Heracleum sosnowskyi,GB,2020-05-24,Yes
Heracleum sosnowskyi,GR,2021-09-05,Yes
Heracleum sosnowskyi,HR,2021-10-31,Yes
Heracleum sosnowskyi,HU,2016-06-12,Yes
Heracleum sosnowskyi,HU,2023-06-25,Yes
Heracleum sosnowskyi,IE,2018-05-20,Yes
Heracleum sosnowskyi,IE,2018-07-01,Yes
Heracleum sosnowskyi,IE,2021-02-14,Yes
Heracleum sosnowskyi,IE,2024-08-11,Yes
Heracleum sosnowskyi,IT,2018-09-09,Yes
Heracleum sosnowskyi,LT,2017-07-02,Yes
Heracleum sosnowskyi,LT,2017-07-09,Yes
Heracleum sosnowskyi,LT,2017-07-16,Yes
Heracleum sosnowskyi,LT,2017-07-23,Yes
Heracleum sosnowskyi,LU,2020-08-09,Yes
Heracleum sosnowskyi,LU,2021-05-30,Yes
Heracleum sosnowskyi,LU,2022-02-20,Yes
Heracleum sosnowskyi,LU,2022-09-25,Yes
Heracleum sosnowskyi,LV,2016-07-10,Yes
Heracleum sosnowskyi,LV,2021-05-16,Yes
Heracleum sosnowskyi,NL,2017-07-02,Yes
Heracleum sosnowskyi,NL,2019-07-21,Yes
Heracleum sosnowskyi,NL,2020-05-03,Yes
Heracleum sosnowskyi,NL,2024-08-04,Yes
Heracleum sosnowskyi,PL,2017-06-18,Yes
Heracleum sosnowskyi,PL,2017-06-25,Yes
Heracleum sosnowskyi,PL,2017-07-16,Yes
Heracleum sosnowskyi,PL,2019-06-23,Yes
Heracleum sosnowskyi,PT,2024-07-21,Yes
Heracleum sosnowskyi,RO,2018-11-11,Yes
Heracleum sosnowskyi,RO,2019-09-08,Yes
Heracleum sosnowskyi,RO,2020-04-19,Yes
Heracleum sosnowskyi,RO,2020-05-10,Yes
Heracleum sosnowskyi,SE,2018-06-03,Yes
Heracleum sosnowskyi,SE,2018-07-08,Yes
Heracleum sosnowskyi,SE,2023-03-05,Yes
Heracleum sosnowskyi,SE,2024-08-25,Yes
Heracleum sosnowskyi,SI,2021-05-23,Yes
Herpestes auropunctatus,AT,2021-01-10,Yes
Herpestes auropunctatus,BE,2017-07-30,Yes
Herpestes auropunctatus,BE,2024-12-01,Yes
Herpestes auropunctatus,BG,2017-08-20,Yes
Herpestes auropunctatus,BG,2017-10-01,Yes
Herpestes auropunctatus,BG,2020-01-12,Yes
Herpestes auropunctatus,CY,2016-03-27,Yes
Herpestes auropunctatus,CZ,2019-11-03,Yes
Herpestes auropunctatus,CZ,2021-07-25,Yes
Herpestes auropunctatus,DK,2019-06-09,Yes
Herpestes auropunctatus,DK,2021-07-18,Yes
Herpestes auropunctatus,DK,2023-02-05,Yes
Herpestes auropunctatus,EE,2016-04-17,Yes
Herpestes auropunctatus,EE,2021-02-21,Yes
Herpestes auropunctatus,EE,2022-08-07,Yes
Herpestes auropunctatus,ES,2016-04-17,Yes
Herpestes auropunctatus,ES,2023-08-06,Yes
Herpestes auropunctatus,FR,2020-10-18,Yes
Herpestes auropunctatus,FR,2022-03-06,Yes
Herpestes auropunctatus,FR,2024-06-23,Yes
Herpestes auropunctatus,FR,2024-10-20,Yes
Herpestes auropunctatus,GB,2016-01-17,Yes
Herpestes auropunctatus,GB,2019-05-05,Yes
Herpestes auropunctatus,GR,2018-04-15,Yes
Herpestes auropunctatus,GR,2020-05-31,Yes
Herpestes auropunctatus,HR,2016-05-08,Yes
Herpestes auropunctatus,HR,2017-10-01,Yes
Herpestes auropunctatus,HU,2016-10-30,Yes
Herpestes auropunctatus,HU,2024-01-14,Yes
Herpestes auropunctatus,IE,2016-01-17,Yes
Herpestes auropunctatus,IE,2017-06-18,Yes
Herpestes auropunctatus,IE,2021-07-18,Yes
Herpestes auropunctatus,IT,2021-06-20,Yes
Herpestes auropunctatus,IT,2023-10-22,Yes
Herpestes auropunctatus,LT,2023-12-10,Yes
Herpestes auropunctatus,LU,2018-09-16,Yes
Herpestes auropunctatus,LU,2018-10-07,Yes
Herpestes auropunctatus,LU,2020-03-08,Yes
Herpestes auropunctatus,LU,2020-05-03,Yes
Herpestes auropunctatus,LV,2020-06-28,Yes
Herpestes auropunctatus,LV,2023-05-07,Yes
Herpestes auropunctatus,MT,2017-01-15,Yes
Herpestes auropunctatus,MT,2023-07-02,Yes
Herpestes auropunctatus,NL,2020-09-20,Yes
Herpestes auropunctatus,NL,2022-01-30,Yes
Herpestes auropunctatus,PT,2016-05-01,Yes
Herpestes auropunctatus,PT,2018-12-23,Yes
Herpestes auropunctatus,SE,2017-05-07,Yes
Herpestes auropunctatus,SE,2018-01-28,Yes
Herpestes auropunctatus,SI,2018-01-28,Yes
Humulus scandens,AT,2024-01-21,Yes
Humulus scandens,BE,2020-02-23,Yes
Humulus scandens,BG,2019-08-18,Yes
Humulus scandens,CY,2019-06-30,Yes
Humulus scandens,CY,2019-08-04,Yes
Humulus scandens,CY,2020-03-15,Yes
Humulus scandens,CY,2023-11-05,Yes
Humulus scandens,CZ,2016-02-28,Yes
Humulus scandens,CZ,2021-06-06,Yes
Humulus scandens,DE,2019-10-13,Yes
Humulus scandens,DE,2023-04-02,Yes
Humulus scandens,DE,2024-06-09,Yes
Humulus scandens,DE,2024-09-08,Yes
Humulus scandens,DK,2019-01-06,Yes
Humulus scandens,EE,2017-08-20,Yes
Humulus scandens,FI,2017-04-30,Yes
Humulus scandens,FI,2020-07-19,Yes
Humulus scandens,GB,2018-01-21,Yes
Humulus scandens,GB,2024-06-09,Yes
Humulus scandens,GR,2023-07-09,Yes
Humulus scandens,HR,2022-05-15,Yes
Humulus scandens,IE,2018-04-01,Yes
Humulus scandens,IE,2019-01-27,Yes
Humulus scandens,IE,2019-05-26,Yes
Humulus scandens,IE,2023-07-30,Yes
Humulus scandens,LT,2018-03-11,Yes
Humulus scandens,LT,2019-10-13,Yes
Humulus scandens,LT,2023-07-09,Yes
Humulus scandens,LT,2024-08-04,Yes
Humulus scandens,LU,2017-11-12,Yes
Humulus scandens,LV,2016-01-31,Yes
Humulus scandens,LV,2016-07-10,Yes
Humulus scandens,MT,2017-01-08,Yes
Humulus scandens,NL,2017-03-05,Yes
Humulus scandens,NL,2018-09-23,Yes
Humulus scandens,NL,2021-01-03,Yes
Humulus scandens,PL,2020-04-19,Yes
Humulus scandens,PL,2023-04-16,Yes
Humulus scandens,PL,2024-03-24,Yes
Humulus scandens,PL,2024-04-28,Yes
Humulus scandens,PT,2017-04-30,Yes
Humulus scandens,PT,2020-06-28,Yes
Humulus scandens,PT,2021-02-21,Yes
Humulus scandens,PT,2024-11-17,Yes
Humulus scandens,RO,2016-02-14,Yes
Humulus scandens,RO,2016-06-26,Yes
Humulus scandens,SE,2019-10-06,Yes
Humulus scandens,SE,2020-05-24,Yes
Humulus scandens,SE,2022-07-10,Yes
Humulus scandens,SE,2022-09-25,Yes
Humulus scandens,SI,2023-04-16,Yes
Hydrocotyle ranunculoides,AT,2024-09-08,Yes
Hydrocotyle ranunculoides,BE,2016-09-18,Yes
Hydrocotyle ranunculoides,BE,2017-01-22,Yes
Hydrocotyle ranunculoides,BE,2018-06-10,Yes
Hydrocotyle ranunculoides,BE,2021-09-05,Yes
Hydrocotyle ranunculoides,BG,2023-02-19,Yes
Hydrocotyle ranunculoides,BG,2023-08-27,Yes
Hydrocotyle ranunculoides,BG,2024-01-14,Yes
Hydrocotyle ranunculoides,CY,2017-09-17,Yes
Hydrocotyle ranunculoides,CY,2019-06-09,Yes
Hydrocotyle ranunculoides,CY,2020-08-09,Yes
Hydrocotyle ranunculoides,CY,2022-08-28,Yes
Hydrocotyle ranunculoides,CZ,2020-09-20,Yes
Hydrocotyle ranunculoides,DE,2019-02-03,Yes
Hydrocotyle ranunculoides,DK,2017-11-12,Yes
Hydrocotyle ranunculoides,EE,2023-01-29,Yes
Hydrocotyle ranunculoides,ES,2020-11-15,Yes
Hydrocotyle ranunculoides,FI,2019-02-17,Yes
Hydrocotyle ranunculoides,FI,2019-03-24,Yes
Hydrocotyle ranunculoides,FI,2021-10-10,Yes
Hydrocotyle ranunculoides,FI,2023-11-12,Yes
Hydrocotyle ranunculoides,GB,2016-01-03,Yes
Hydrocotyle ranunculoides,GB,2018-06-24,Yes
Hydrocotyle ranunculoides,GB,2022-05-15,Yes
Hydrocotyle ranunculoides,GB,2022-07-17,Yes
Hydrocotyle ranunculoides,HU,2019-02-03,Yes
Hydrocotyle ranunculoides,HU,2020-06-21,Yes
Hydrocotyle ranunculoides,HU,2024-07-21,Yes
Hydrocotyle ranunculoides,IE,2019-10-20,Yes
Hydrocotyle ranunculoides,IT,2023-09-10,Yes
Hydrocotyle ranunculoides,LT,2018-09-02,Yes
Hydrocotyle ranunculoides,LU,2019-01-06,Yes
Hydrocotyle ranunculoides,LV,2020-05-24,Yes
Hydrocotyle ranunculoides,LV,2024-04-14,Yes
Hydrocotyle ranunculoides,MT,2019-05-05,Yes
Hydrocotyle ranunculoides,MT,2019-10-13,Yes
Hydrocotyle ranunculoides,MT,2023-09-24,Yes
Hydrocotyle ranunculoides,MT,2024-07-21,Yes
Hydrocotyle ranunculoides,NL,2016-07-17,Yes
Hydrocotyle ranunculoides,NL,2017-01-01,Yes
Hydrocotyle ranunculoides,NL,2020-11-01,Yes
Hydrocotyle ranunculoides,NL,2023-09-10,Yes
Hydrocotyle ranunculoides,PL,2020-08-09,Yes
Hydrocotyle ranunculoides,PL,2020-09-20,Yes
Hydrocotyle ranunculoides,PT,2017-11-26,Yes
Hydrocotyle ranunculoides,PT,2021-07-11,Yes
Hydrocotyle ranunculoides,PT,2023-04-02,Yes
Hydrocotyle ranunculoides,PT,2024-01-21,Yes
Hydrocotyle ranunculoides,RO,2020-01-19,Yes
Hydrocotyle ranunculoides,RO,2020-01-26,Yes
Hydrocotyle ranunculoides,SE,2020-04-26,Yes
Hydrocotyle ranunculoides,SE,2020-12-27,Yes
Hydrocotyle ranunculoides,SE,2024-07-14,Yes
Hydrocotyle ranunculoides,SE,2024-08-18,Yes
Hydrocotyle ranunculoides,SI,2021-06-27,Yes
Hydrocotyle ranunculoides,SK,2020-11-15,Yes
Hydrocotyle ranunculoides,SK,2024-07-07,Yes
Impatiens glandulifera,AT,2018-06-17,Yes
Impatiens glandulifera,AT,2021-08-29,Yes
Impatiens glandulifera,AT,2021-09-05,Yes
Impatiens glandulifera,AT,2022-07-24,Yes
Impatiens glandulifera,BE,2017-10-01,Yes
Impatiens glandulifera,BE,2019-06-23,Yes
Impatiens glandulifera,BE,2021-09-05,Yes
Impatiens glandulifera,BE,2024-07-14,Yes
Impatiens glandulifera,BG,2019-03-03,Yes
Impatiens glandulifera,BG,2020-08-30,Yes
Impatiens glandulifera,CY,2022-06-19,Yes
Impatiens glandulifera,CZ,2019-10-13,Yes
Impatiens glandulifera,CZ,2021-09-12,Yes
Impatiens glandulifera,CZ,2024-06-09,Yes
Impatiens glandulifera,CZ,2024-06-23,Yes
Impatiens glandulifera,DE,2021-08-08,Yes
Impatiens glandulifera,DE,2021-09-05,Yes
Impatiens glandulifera,DE,2021-09-12,Yes
Impatiens glandulifera,DE,2021-09-19,Yes
Impatiens glandulifera,DK,2023-04-30,Yes
Impatiens glandulifera,DK,2024-03-10,Yes
Impatiens glandulifera,EE,2016-02-28,Yes
Impatiens glandulifera,EE,2019-08-18,Yes
Impatiens glandulifera,EE,2022-08-07,Yes
Impatiens glandulifera,EE,2024-07-21,Yes
Impatiens glandulifera,ES,2018-10-28,Yes
Impatiens glandulifera,ES,2022-05-22,Yes
Impatiens glandulifera,ES,2022-12-25,Yes
Impatiens glandulifera,ES,2023-08-13,Yes
Impatiens glandulifera,FI,2019-07-14,Yes
Impatiens glandulifera,FI,2020-07-05,Yes
Impatiens glandulifera,FI,2021-07-04,Yes
Impatiens glandulifera,FI,2021-07-18,Yes
Impatiens glandulifera,FR,2017-07-02,Yes
Impatiens glandulifera,FR,2019-09-29,Yes
Impatiens glandulifera,FR,2021-08-29,Yes
Impatiens glandulifera,FR,2024-08-11,Yes
Impatiens glandulifera,GB,2021-08-01,Yes
Impatiens glandulifera,GB,2024-07-14,Yes
Impatiens glandulifera,GB,2024-07-21,Yes
Impatiens glandulifera,GB,2024-07-28,Yes
Impatiens glandulifera,GR,2019-01-20,Yes
Impatiens glandulifera,HR,2017-05-28,Yes
Impatiens glandulifera,HR,2018-03-25,Yes
Impatiens glandulifera,HR,2024-07-21,Yes
Impatiens glandulifera,HU,2019-01-06,Yes
Impatiens glandulifera,HU,2019-04-21,Yes
Impatiens glandulifera,HU,2019-09-29,Yes
Impatiens glandulifera,HU,2022-02-20,Yes
Impatiens glandulifera,IE,2018-01-28,Yes
Impatiens glandulifera,IE,2023-07-23,Yes
Impatiens glandulifera,IE,2024-05-12,Yes
Impatiens glandulifera,IE,2024-06-02,Yes
Impatiens glandulifera,IT,2017-04-16,Yes
Impatiens glandulifera,IT,2021-07-04,Yes
Impatiens glandulifera,IT,2021-08-22,Yes
Impatiens glandulifera,IT,2021-08-29,Yes
Impatiens glandulifera,LT,2021-04-11,Yes
Impatiens glandulifera,LT,2023-08-27,Yes
Impatiens glandulifera,LT,2024-06-16,Yes
Impatiens glandulifera,LU,2018-11-11,Yes
Impatiens glandulifera,LU,2019-05-05,Yes
Impatiens glandulifera,LU,2019-11-10,Yes
Impatiens glandulifera,LU,2024-09-08,Yes
Impatiens glandulifera,LV,2016-03-20,Yes
Impatiens glandulifera,LV,2022-01-09,Yes
Impatiens glandulifera,NL,2019-08-04,Yes
Impatiens glandulifera,NL,2021-08-15,Yes
Impatiens glandulifera,NL,2021-08-29,Yes
Impatiens glandulifera,NL,2023-09-03,Yes
Impatiens glandulifera,PL,2021-07-04,Yes
Impatiens glandulifera,PL,2021-08-15,Yes
Impatiens glandulifera,PL,2022-08-07,Yes
Impatiens glandulifera,PL,2024-04-07,Yes
Impatiens glandulifera,PT,2017-08-13,Yes
Impatiens glandulifera,PT,2022-07-24,Yes
Impatiens glandulifera,RO,2018-04-01,Yes
Impatiens glandulifera,RO,2022-07-10,Yes
Impatiens glandulifera,SE,2021-02-28,Yes
Impatiens glandulifera,SE,2022-05-15,Yes
Impatiens glandulifera,SE,2022-05-22,Yes
Impatiens glandulifera,SE,2022-07-24,Yes
Impatiens glandulifera,SI,2017-09-17,Yes
Impatiens glandulifera,SI,2018-09-02,Yes
Impatiens glandulifera,SI,2020-11-22,Yes
Impatiens glandulifera,SI,2021-09-05,Yes
Impatiens glandulifera,SK,2019-09-08,Yes
Impatiens glandulifera,SK,2020-09-06,Yes
Impatiens glandulifera,SK,2020-10-25,Yes
Impatiens glandulifera,SK,2021-01-31,Yes
Koenigia polystachya,AT,2019-03-03,Yes
Koenigia polystachya,AT,2022-11-13,Yes
Koenigia polystachya,BE,2017-01-01,Yes
Koenigia polystachya,BE,2023-04-02,Yes
Koenigia polystachya,BE,2024-03-17,Yes
Koenigia polystachya,CY,2022-06-19,Yes
Koenigia polystachya,CZ,2016-02-28,Yes
Koenigia polystachya,CZ,2018-05-27,Yes
Koenigia polystachya,CZ,2024-11-17,Yes
Koenigia polystachya,DE,2022-11-27,Yes
Koenigia polystachya,EE,2018-07-01,Yes
Koenigia polystachya,EE,2021-04-25,Yes
Koenigia polystachya,ES,2020-10-04,Yes
Koenigia polystachya,FR,2018-10-21,Yes
Koenigia polystachya,FR,2018-10-28,Yes
Koenigia polystachya,GB,2019-09-22,Yes
Koenigia polystachya,GB,2021-08-22,Yes
Koenigia polystachya,GR,2017-06-11,Yes
Koenigia polystachya,GR,2020-01-12,Yes
Koenigia polystachya,HR,2017-06-11,Yes
Koenigia polystachya,HR,2018-10-14,Yes
Koenigia polystachya,IE,2017-02-19,Yes
Koenigia polystachya,LU,2018-05-27,Yes
Koenigia polystachya,LV,2019-04-14,Yes
Koenigia polystachya,MT,2020-12-27,Yes
Koenigia polystachya,NL,2022-07-31,Yes
Koenigia polystachya,PL,2023-12-24,Yes
Koenigia polystachya,PT,2020-03-01,Yes
Koenigia polystachya,PT,2020-04-12,Yes
Koenigia polystachya,SE,2018-06-17,Yes
Koenigia polystachya,SE,2022-07-17,Yes
Koenigia polystachya,SE,2022-07-31,Yes
Koenigia polystachya,SE,2022-08-07,Yes
Koenigia polystachya,SI,2018-03-04,Yes
Koenigia polystachya,SI,2019-03-24,Yes
Koenigia polystachya,SI,2020-03-29,Yes
Koenigia polystachya,SI,2024-05-26,Yes
Lagarosiphon major,AT,2024-05-05,Yes
Lagarosiphon major,BE,2018-03-11,Yes
Lagarosiphon major,BE,2018-10-14,Yes
Lagarosiphon major,BG,2023-04-23,Yes
Lagarosiphon major,CY,2017-04-16,Yes
Lagarosiphon major,CY,2020-12-27,Yes
Lagarosiphon major,CZ,2023-04-02,Yes
Lagarosiphon major,CZ,2023-11-26,Yes
Lagarosiphon major,CZ,2024-07-21,Yes
Lagarosiphon major,DE,2016-03-13,Yes
Lagarosiphon major,DE,2018-06-03,Yes
Lagarosiphon major,DE,2018-09-02,Yes
Lagarosiphon major,DK,2017-10-29,Yes
Lagarosiphon major,DK,2021-10-10,Yes
Lagarosiphon major,DK,2022-09-11,Yes
Lagarosiphon major,EE,2023-01-22,Yes
Lagarosiphon major,EE,2024-09-29,Yes
Lagarosiphon major,ES,2020-12-20,Yes
Lagarosiphon major,ES,2022-03-13,Yes
Lagarosiphon major,FI,2016-11-20,Yes
Lagarosiphon major,FR,2018-08-05,Yes
Lagarosiphon major,FR,2019-11-17,Yes
Lagarosiphon major,FR,2020-09-20,Yes
Lagarosiphon major,GB,2018-01-28,Yes
Lagarosiphon major,GB,2021-10-24,Yes
Lagarosiphon major,GB,2022-10-30,Yes
Lagarosiphon major,GR,2016-05-29,Yes
Lagarosiphon major,GR,2023-07-30,Yes
Lagarosiphon major,GR,2023-11-19,Yes
Lagarosiphon major,HR,2020-04-05,Yes
Lagarosiphon major,HR,2021-03-21,Yes
Lagarosiphon major,HR,2024-12-08,Yes
Lagarosiphon major,HU,2018-09-16,Yes
Lagarosiphon major,HU,2019-08-18,Yes
Lagarosiphon major,HU,2020-08-30,Yes
Lagarosiphon major,IE,2016-12-18,Yes
Lagarosiphon major,IE,2023-12-03,Yes
Lagarosiphon major,IT,2017-05-07,Yes
Lagarosiphon major,IT,2019-12-29,Yes
Lagarosiphon major,IT,2021-11-21,Yes
Lagarosiphon major,LT,2019-09-01,Yes
Lagarosiphon major,LT,2020-06-14,Yes
Lagarosiphon major,LU,2018-09-16,Yes
Lagarosiphon major,LV,2016-02-28,Yes
Lagarosiphon major,LV,2020-11-22,Yes
Lagarosiphon major,LV,2024-11-17,Yes
Lagarosiphon major,MT,2022-06-12,Yes
Lagarosiphon major,NL,2023-06-04,Yes
Lagarosiphon major,PL,2020-06-28,Yes
Lagarosiphon major,PL,2020-08-16,Yes
Lagarosiphon major,PT,2016-03-13,Yes
Lagarosiphon major,PT,2017-02-19,Yes
Lagarosiphon major,SE,2023-02-05,Yes
Lagarosiphon major,SE,2024-08-04,Yes
Lagarosiphon major,SI,2024-03-10,Yes
Lagarosiphon major,SK,2016-01-03,Yes
Lagarosiphon major,SK,2021-06-13,Yes
Lagarosiphon major,SK,2022-08-28,Yes
Lagarosiphon major,SK,2023-10-01,Yes
Lampropeltis getula,AT,2016-10-23,Yes
Lampropeltis getula,AT,2017-06-25,Yes
Lampropeltis getula,AT,2019-06-09,Yes
Lampropeltis getula,AT,2022-08-07,Yes
Lampropeltis getula,BG,2019-04-28,Yes
Lampropeltis getula,BG,2024-02-04,Yes
Lampropeltis getula,CY,2019-03-17,Yes
Lampropeltis getula,CZ,2017-03-05,Yes
Lampropeltis getula,CZ,2019-02-10,Yes
Lampropeltis getula,CZ,2019-07-28,Yes
Lampropeltis getula,CZ,2024-09-22,Yes
Lampropeltis getula,DE,2019-02-17,Yes
Lampropeltis getula,DE,2022-08-07,Yes
Lampropeltis getula,DE,2022-12-25,Yes
Lampropeltis getula,DE,2023-10-22,Yes
Lampropeltis getula,DK,2018-05-20,Yes
Lampropeltis getula,EE,2016-04-24,Yes
Lampropeltis getula,EE,2017-01-01,Yes
Lampropeltis getula,EE,2020-12-13,Yes
Lampropeltis getula,ES,2019-06-02,Yes
Lampropeltis getula,ES,2020-06-28,Yes
Lampropeltis getula,ES,2021-04-11,Yes
Lampropeltis getula,ES,2021-09-05,Yes
Lampropeltis getula,FI,2016-12-11,Yes
Lampropeltis getula,FI,2022-02-20,Yes
Lampropeltis getula,FR,2020-10-18,Yes
Lampropeltis getula,FR,2021-03-07,Yes
Lampropeltis getula,FR,2022-03-06,Yes
Lampropeltis getula,FR,2022-10-23,Yes
Lampropeltis getula,GB,2020-11-29,Yes
Lampropeltis getula,GB,2021-01-24,Yes
Lampropeltis getula,GB,2021-08-01,Yes
Lampropeltis getula,GR,2019-11-17,Yes
Lampropeltis getula,GR,2020-07-05,Yes
Lampropeltis getula,HR,2019-09-22,Yes
Lampropeltis getula,HU,2016-06-12,Yes
Lampropeltis getula,HU,2019-06-23,Yes
Lampropeltis getula,HU,2023-11-12,Yes
Lampropeltis getula,IT,2017-10-01,Yes
Lampropeltis getula,IT,2022-07-17,Yes
Lampropeltis getula,IT,2022-09-25,Yes
Lampropeltis getula,IT,2022-10-23,Yes
Lampropeltis getula,LU,2020-12-20,Yes
Lampropeltis getula,LU,2023-12-17,Yes
Lampropeltis getula,LU,2024-02-04,Yes
Lampropeltis getula,MT,2020-11-22,Yes
Lampropeltis getula,NL,2016-04-03,Yes
Lampropeltis getula,NL,2017-08-06,Yes
Lampropeltis getula,NL,2019-04-28,Yes
Lampropeltis getula,PL,2018-02-11,Yes
Lampropeltis getula,PL,2018-05-13,Yes
Lampropeltis getula,PL,2023-11-05,Yes
Lampropeltis getula,PT,2020-09-13,Yes
Lampropeltis getula,RO,2016-04-03,Yes
Lampropeltis getula,RO,2024-09-08,Yes
Lampropeltis getula,SE,2019-05-26,Yes
Lampropeltis getula,SE,2020-12-27,Yes
Lampropeltis getula,SE,2022-07-17,Yes
Lampropeltis getula,SE,2022-07-31,Yes
Lampropeltis getula,SI,2015-12-27,Yes
Lampropeltis getula,SK,2018-04-22,Yes
Lampropeltis getula,SK,2020-03-29,Yes
Lampropeltis getula,SK,2020-12-06,Yes
Lampropeltis getula,SK,2023-11-26,Yes
Lepomis gibbosus,AT,2016-03-20,Yes
Lepomis gibbosus,AT,2018-08-12,Yes
Lepomis gibbosus,AT,2022-07-17,Yes
Lepomis gibbosus,BE,2017-08-13,Yes
Lepomis gibbosus,BE,2018-10-21,Yes
Lepomis gibbosus,BE,2019-07-28,Yes
Lepomis gibbosus,BE,2024-07-28,Yes
Lepomis gibbosus,BG,2023-07-30,Yes
Lepomis gibbosus,CY,2021-07-18,Yes
Lepomis gibbosus,CZ,2017-06-25,Yes
Lepomis gibbosus,CZ,2021-08-08,Yes
Lepomis gibbosus,CZ,2023-02-26,Yes
Lepomis gibbosus,CZ,2023-08-13,Yes
Lepomis gibbosus,DE,2020-05-24,Yes
Lepomis gibbosus,DE,2020-06-21,Yes
Lepomis gibbosus,DE,2023-05-28,Yes
Lepomis gibbosus,DE,2023-06-18,Yes
Lepomis gibbosus,DK,2018-02-04,Yes
Lepomis gibbosus,DK,2019-08-18,Yes
Lepomis gibbosus,DK,2021-05-02,Yes
Lepomis gibbosus,DK,2021-12-12,Yes
Lepomis gibbosus,ES,2021-01-24,Yes
Lepomis gibbosus,ES,2022-12-11,Yes
Lepomis gibbosus,ES,2024-07-28,Yes
Lepomis gibbosus,ES,2024-08-25,Yes
Lepomis gibbosus,FI,2021-07-11,Yes
Lepomis gibbosus,FI,2023-06-11,Yes
Lepomis gibbosus,FI,2023-06-18,Yes
Lepomis gibbosus,FI,2023-07-02,Yes
Lepomis gibbosus,FR,2020-05-17,Yes
Lepomis gibbosus,FR,2023-08-06,Yes
Lepomis gibbosus,FR,2023-08-13,Yes
Lepomis gibbosus,FR,2023-12-10,Yes
Lepomis gibbosus,GB,2020-06-14,Yes
Lepomis gibbosus,GB,2021-10-17,Yes
Lepomis gibbosus,GB,2022-08-21,Yes
Lepomis gibbosus,GB,2023-10-15,Yes
Lepomis gibbosus,GR,2023-11-12,Yes
Lepomis gibbosus,GR,2024-06-09,Yes
Lepomis gibbosus,HR,2016-12-25,Yes
Lepomis gibbosus,HR,2019-05-26,Yes
Lepomis gibbosus,HR,2023-12-31,Yes
Lepomis gibbosus,HR,2024-06-30,Yes
Lepomis gibbosus,HU,2020-05-31,Yes
Lepomis gibbosus,HU,2024-03-03,Yes
Lepomis gibbosus,HU,2024-06-02,Yes
Lepomis gibbosus,HU,2024-08-25,Yes
Lepomis gibbosus,IE,2017-04-30,Yes
Lepomis gibbosus,IT,2016-03-27,Yes
Lepomis gibbosus,IT,2016-08-07,Yes
Lepomis gibbosus,IT,2016-08-14,Yes
Lepomis gibbosus,IT,2016-08-28,Yes
Lepomis gibbosus,LT,2018-05-13,Yes
Lepomis gibbosus,LU,2024-07-14,Yes
Lepomis gibbosus,LV,2019-02-17,Yes
Lepomis gibbosus,LV,2020-08-23,Yes
Lepomis gibbosus,LV,2024-06-23,Yes
Lepomis gibbosus,MT,2017-06-04,Yes
Lepomis gibbosus,MT,2019-04-07,Yes
Lepomis gibbosus,MT,2020-02-16,Yes
Lepomis gibbosus,NL,2018-08-12,Yes
Lepomis gibbosus,NL,2019-08-04,Yes
Lepomis gibbosus,NL,2019-08-11,Yes
Lepomis gibbosus,NL,2023-07-16,Yes
Lepomis gibbosus,PL,2016-07-10,Yes
Lepomis gibbosus,PL,2024-06-02,Yes
Lepomis gibbosus,PL,2024-09-01,Yes
Lepomis gibbosus,PL,2024-09-15,Yes
Lepomis gibbosus,PT,2017-05-28,Yes
Lepomis gibbosus,PT,2018-07-29,Yes
Lepomis gibbosus,PT,2021-12-19,Yes
Lepomis gibbosus,PT,2022-02-06,Yes
Lepomis gibbosus,RO,2017-06-18,Yes
Lepomis gibbosus,RO,2021-04-25,Yes
Lepomis gibbosus,RO,2021-05-30,Yes
Lepomis gibbosus,RO,2021-06-06,Yes
Lepomis gibbosus,SE,2018-07-08,Yes
Lepomis gibbosus,SE,2018-07-15,Yes
Lepomis gibbosus,SE,2021-01-03,Yes
Lepomis gibbosus,SE,2023-04-09,Yes
Lepomis gibbosus,SI,2017-12-31,Yes
Lepomis gibbosus,SI,2020-11-29,Yes
Lepomis gibbosus,SI,2024-05-19,Yes
Lepomis gibbosus,SI,2024-07-07,Yes
Lepomis gibbosus,SK,2023-10-01,Yes
Lespedeza cuneata,AT,2021-12-12,Yes
Lespedeza cuneata,BE,2017-11-26,Yes
Lespedeza cuneata,CY,2019-03-31,Yes
Lespedeza cuneata,CY,2019-08-18,Yes
Lespedeza cuneata,CY,2020-12-13,Yes
Lespedeza cuneata,CY,2023-03-19,Yes
Lespedeza cuneata,CZ,2018-08-12,Yes
Lespedeza cuneata,CZ,2019-06-02,Yes
Lespedeza cuneata,DE,2020-09-27,Yes
Lespedeza cuneata,DE,2020-12-27,Yes
Lespedeza cuneata,EE,2016-07-10,Yes
Lespedeza cuneata,EE,2018-03-11,Yes
Lespedeza cuneata,EE,2024-06-16,Yes
Lespedeza cuneata,FI,2015-12-27,Yes
Lespedeza cuneata,FI,2016-03-13,Yes
Lespedeza cuneata,FI,2016-12-18,Yes
Lespedeza cuneata,FI,2019-07-21,Yes
Lespedeza cuneata,FR,2022-02-27,Yes
Lespedeza cuneata,GR,2017-04-23,Yes
Lespedeza cuneata,GR,2017-05-28,Yes
Lespedeza cuneata,GR,2019-10-06,Yes
Lespedeza cuneata,GR,2022-08-21,Yes
Lespedeza cuneata,HR,2020-06-07,Yes
Lespedeza cuneata,HU,2021-09-05,Yes
Lespedeza cuneata,IE,2022-03-13,Yes
Lespedeza cuneata,IE,2024-04-28,Yes
Lespedeza cuneata,LT,2024-01-21,Yes
Lespedeza cuneata,LU,2016-02-21,Yes
Lespedeza cuneata,LU,2021-08-29,Yes
Lespedeza cuneata,LV,2018-08-19,Yes
Lespedeza cuneata,MT,2019-03-31,Yes
Lespedeza cuneata,NL,2017-10-29,Yes
Lespedeza cuneata,NL,2020-10-04,Yes
Lespedeza cuneata,PL,2022-06-19,Yes
Lespedeza cuneata,SI,2017-05-14,Yes
Lespedeza cuneata,SI,2017-09-03,Yes
Lespedeza cuneata,SI,2018-06-24,Yes
Lespedeza cuneata,SI,2021-07-04,Yes
Lespedeza cuneata,SK,2018-04-29,Yes
Lespedeza cuneata,SK,2021-11-28,Yes
Lespedeza cuneata,SK,2023-07-09,Yes
Lespedeza cuneata,SK,2024-09-01,Yes
Limnoperna fortunei,BG,2020-02-09,Yes
Limnoperna fortunei,BG,2020-11-01,Yes
Limnoperna fortunei,BG,2021-12-26,Yes
Limnoperna fortunei,CY,2017-05-21,Yes
Limnoperna fortunei,CY,2017-11-19,Yes
Limnoperna fortunei,CY,2019-04-28,Yes
Limnoperna fortunei,DE,2016-04-03,Yes
Limnoperna fortunei,DE,2017-12-10,Yes
Limnoperna fortunei,DE,2018-08-26,Yes
Limnoperna fortunei,DK,2017-01-29,Yes
Limnoperna fortunei,EE,2020-04-19,Yes
Limnoperna fortunei,EE,2023-04-23,Yes
Limnoperna fortunei,FI,2017-04-02,Yes
Limnoperna fortunei,FI,2018-01-14,Yes
Limnoperna fortunei,FI,2024-03-24,Yes
Limnoperna fortunei,FI,2024-11-10,Yes
Limnoperna fortunei,FR,2022-10-09,Yes
Limnoperna fortunei,GR,2023-04-23,Yes
Limnoperna fortunei,HR,2019-07-28,Yes
Limnoperna fortunei,HU,2018-09-09,Yes
Limnoperna fortunei,IT,2018-07-22,Yes
Limnoperna fortunei,LT,2016-04-17,Yes
Limnoperna fortunei,LT,2019-06-02,Yes
Limnoperna fortunei,LT,2020-08-16,Yes
Limnoperna fortunei,LU,2016-10-02,Yes
Limnoperna fortunei,MT,2021-07-25,Yes
Limnoperna fortunei,NL,2016-04-17,Yes
Limnoperna fortunei,NL,2019-09-01,Yes
Limnoperna fortunei,NL,2020-07-12,Yes
Limnoperna fortunei,NL,2024-04-28,Yes
Limnoperna fortunei,PT,2017-02-19,Yes
Limnoperna fortunei,SE,2017-01-01,Yes
Limnoperna fortunei,SE,2021-02-21,Yes
Limnoperna fortunei,SI,2016-06-19,Yes
Limnoperna fortunei,SI,2018-03-04,Yes
Limnoperna fortunei,SI,2022-12-25,Yes
Limnoperna fortunei,SI,2024-11-17,Yes
Limnoperna fortunei,SK,2017-01-15,Yes
Limnoperna fortunei,SK,2019-02-03,Yes
Limnoperna fortunei,SK,2022-04-24,Yes
Limnoperna fortunei,SK,2022-08-14,Yes
Lithobates catesbeianus,AT,2016-05-08,Yes
Lithobates catesbeianus,AT,2017-06-04,Yes
Lithobates catesbeianus,AT,2018-06-03,Yes
Lithobates catesbeianus,AT,2021-05-16,Yes
Lithobates catesbeianus,BE,2020-08-23,Yes
Lithobates catesbeianus,BE,2022-06-19,Yes
Lithobates catesbeianus,BE,2023-06-18,Yes
Lithobates catesbeianus,BE,2024-03-24,Yes
Lithobates catesbeianus,BG,2021-01-24,Yes
Lithobates catesbeianus,BG,2021-03-14,Yes
Lithobates catesbeianus,BG,2021-05-16,Yes
Lithobates catesbeianus,BG,2023-11-26,Yes
Lithobates catesbeianus,CY,2016-11-20,Yes
Lithobates catesbeianus,CY,2018-12-30,Yes
Lithobates catesbeianus,CZ,2019-04-21,Yes
Lithobates catesbeianus,CZ,2020-08-16,Yes
Lithobates catesbeianus,CZ,2020-10-25,Yes
Lithobates catesbeianus,CZ,2021-02-28,Yes
Lithobates catesbeianus,DE,2017-05-28,Yes
Lithobates catesbeianus,DE,2021-05-16,Yes
Lithobates catesbeianus,DE,2023-07-16,Yes
Lithobates catesbeianus,DE,2023-08-06,Yes
Lithobates catesbeianus,DK,2017-05-28,Yes
Lithobates catesbeianus,DK,2017-06-11,Yes
Lithobates catesbeianus,DK,2017-07-23,Yes
Lithobates catesbeianus,DK,2023-10-22,Yes
Lithobates catesbeianus,ES,2017-05-28,Yes
Lithobates catesbeianus,ES,2018-07-01,Yes
Lithobates catesbeianus,ES,2018-07-08,Yes
Lithobates catesbeianus,ES,2018-07-15,Yes
Lithobates catesbeianus,FI,2017-09-24,Yes
Lithobates catesbeianus,FI,2019-05-12,Yes
Lithobates catesbeianus,FI,2021-03-07,Yes
Lithobates catesbeianus,FI,2021-06-06,Yes
Lithobates catesbeianus,FR,2017-05-28,Yes
Lithobates catesbeianus,FR,2017-11-12,Yes
Lithobates catesbeianus,FR,2019-01-13,Yes
Lithobates catesbeianus,FR,2023-03-05,Yes
Lithobates catesbeianus,GB,2021-04-25,Yes
Lithobates catesbeianus,GB,2021-12-05,Yes
Lithobates catesbeianus,GB,2021-12-12,Yes
Lithobates catesbeianus,GB,2021-12-19,Yes
Lithobates catesbeianus,GR,2017-08-27,Yes
Lithobates catesbeianus,GR,2021-07-11,Yes
Lithobates catesbeianus,GR,2022-04-24,Yes
Lithobates catesbeianus,GR,2023-06-25,Yes
Lithobates catesbeianus,HR,2017-12-17,Yes
Lithobates catesbeianus,HR,2018-08-19,Yes
Lithobates catesbeianus,HR,2019-06-02,Yes
Lithobates catesbeianus,HR,2024-06-09,Yes
Lithobates catesbeianus,HU,2019-08-04,Yes
Lithobates catesbeianus,HU,2021-06-06,Yes
Lithobates catesbeianus,HU,2021-08-01,Yes
Lithobates catesbeianus,HU,2023-07-02,Yes
Lithobates catesbeianus,IE,2016-12-11,Yes
Lithobates catesbeianus,IE,2020-05-24,Yes
Lithobates catesbeianus,IE,2021-04-25,Yes
Lithobates catesbeianus,IE,2021-06-06,Yes
Lithobates catesbeianus,IT,2016-11-06,Yes
Lithobates catesbeianus,IT,2016-11-13,Yes
Lithobates catesbeianus,IT,2016-12-04,Yes
Lithobates catesbeianus,IT,2016-12-25,Yes
Lithobates catesbeianus,LU,2017-10-08,Yes
Lithobates catesbeianus,LU,2019-06-16,Yes
Lithobates catesbeianus,LU,2023-11-19,Yes
Lithobates catesbeianus,LU,2024-08-25,Yes
Lithobates catesbeianus,LV,2016-09-04,Yes
Lithobates catesbeianus,LV,2020-10-25,Yes
Lithobates catesbeianus,LV,2022-11-20,Yes
Lithobates catesbeianus,MT,2017-02-26,Yes
Lithobates catesbeianus,MT,2020-04-12,Yes
Lithobates catesbeianus,NL,2019-02-03,Yes
Lithobates catesbeianus,NL,2021-05-23,Yes
Lithobates catesbeianus,NL,2021-05-30,Yes
Lithobates catesbeianus,NL,2024-03-24,Yes
Lithobates catesbeianus,PL,2017-05-28,Yes
Lithobates catesbeianus,PL,2021-03-07,Yes
Lithobates catesbeianus,PL,2021-03-28,Yes
Lithobates catesbeianus,PL,2021-08-29,Yes
Lithobates catesbeianus,PT,2017-02-05,Yes
Lithobates catesbeianus,PT,2021-10-10,Yes
Lithobates catesbeianus,PT,2022-05-08,Yes
Lithobates catesbeianus,PT,2022-09-18,Yes
Lithobates catesbeianus,RO,2016-02-28,Yes
Lithobates catesbeianus,RO,2017-04-02,Yes
Lithobates catesbeianus,RO,2021-04-04,Yes
Lithobates catesbeianus,RO,2024-11-10,Yes
Lithobates catesbeianus,SE,2021-03-14,Yes
Lithobates catesbeianus,SE,2021-04-18,Yes
Lithobates catesbeianus,SE,2021-04-25,Yes
Lithobates catesbeianus,SE,2021-05-16,Yes
Lithobates catesbeianus,SI,2020-06-28,Yes
Lithobates catesbeianus,SK,2017-06-11,Yes
Lithobates catesbeianus,SK,2019-03-17,Yes
Lithobates catesbeianus,SK,2019-10-20,Yes
Lithobates catesbeianus,SK,2020-07-05,Yes
Ludwigia grandiflora,AT,2018-12-09,Yes
Ludwigia grandiflora,BE,2016-06-26,Yes
Ludwigia grandiflora,BE,2023-11-12,Yes
Ludwigia grandiflora,BG,2016-05-29,Yes
Ludwigia grandiflora,BG,2019-04-07,Yes
Ludwigia grandiflora,BG,2019-07-28,Yes
Ludwigia grandiflora,BG,2021-06-13,Yes
Ludwigia grandiflora,CY,2017-05-21,Yes
Ludwigia grandiflora,CY,2021-01-10,Yes
Ludwigia grandiflora,CZ,2023-10-22,Yes
Ludwigia grandiflora,DE,2024-01-14,Yes
Ludwigia grandiflora,DK,2024-03-10,Yes
Ludwigia grandiflora,EE,2021-05-09,Yes
Ludwigia grandiflora,ES,2017-09-17,Yes
Ludwigia grandiflora,ES,2018-12-09,Yes
Ludwigia grandiflora,FI,2019-08-25,Yes
Ludwigia grandiflora,FI,2021-06-27,Yes
Ludwigia grandiflora,FI,2022-01-09,Yes
Ludwigia grandiflora,FR,2023-01-15,Yes
Ludwigia grandiflora,HR,2023-02-26,Yes
Ludwigia grandiflora,HU,2017-05-21,Yes
Ludwigia grandiflora,HU,2022-12-25,Yes
Ludwigia grandiflora,IE,2018-02-11,Yes
Ludwigia grandiflora,IE,2021-06-27,Yes
Ludwigia grandiflora,LU,2016-09-18,Yes
Ludwigia grandiflora,LU,2019-04-07,Yes
Ludwigia grandiflora,LU,2022-12-25,Yes
Ludwigia grandiflora,NL,2018-10-07,Yes
Ludwigia grandiflora,NL,2019-04-21,Yes
Ludwigia grandiflora,NL,2019-12-29,Yes
Ludwigia grandiflora,NL,2021-08-29,Yes
Ludwigia grandiflora,PT,2017-07-23,Yes
Ludwigia grandiflora,PT,2018-12-16,Yes
Ludwigia grandiflora,PT,2022-09-18,Yes
Ludwigia grandiflora,RO,2020-02-09,Yes
Ludwigia grandiflora,RO,2020-11-29,Yes
Ludwigia grandiflora,SE,2018-05-27,Yes
Ludwigia grandiflora,SI,2016-09-25,Yes
Ludwigia grandiflora,SI,2018-08-12,Yes
Ludwigia grandiflora,SI,2020-03-22,Yes
Ludwigia grandiflora,SK,2020-08-30,Yes
Ludwigia peploides,AT,2020-04-05,Yes
Ludwigia peploides,BE,2021-02-07,Yes
Ludwigia peploides,BE,2023-01-15,Yes
Ludwigia peploides,BG,2017-07-23,Yes
Ludwigia peploides,CY,2017-06-18,Yes
Ludwigia peploides,CZ,2017-05-14,Yes
Ludwigia peploides,CZ,2017-09-17,Yes
Ludwigia peploides,CZ,2018-07-08,Yes
Ludwigia peploides,CZ,2023-04-23,Yes
Ludwigia peploides,DE,2023-03-26,Yes
Ludwigia peploides,DE,2024-01-21,Yes
Ludwigia peploides,EE,2016-06-12,Yes
Ludwigia peploides,EE,2021-04-11,Yes
Ludwigia peploides,EE,2024-08-25,Yes
Ludwigia peploides,ES,2020-06-14,Yes
Ludwigia peploides,ES,2024-05-19,Yes
Ludwigia peploides,ES,2024-06-23,Yes
Ludwigia peploides,FI,2016-05-29,Yes
Ludwigia peploides,FR,2019-01-27,Yes
Ludwigia peploides,FR,2020-06-28,Yes
Ludwigia peploides,FR,2022-04-03,Yes
Ludwigia peploides,FR,2023-09-03,Yes
Ludwigia peploides,GB,2022-02-27,Yes
Ludwigia peploides,GB,2023-02-19,Yes
Ludwigia peploides,GB,2023-04-16,Yes
Ludwigia peploides,GR,2017-05-14,Yes
Ludwigia peploides,HR,2019-02-17,Yes
Ludwigia peploides,HR,2019-09-29,Yes
Ludwigia peploides,HR,2024-05-26,Yes
Ludwigia peploides,HU,2019-01-13,Yes
Ludwigia peploides,HU,2019-06-23,Yes
Ludwigia peploides,HU,2021-01-24,Yes
Ludwigia peploides,HU,2023-06-04,Yes
Ludwigia peploides,IE,2018-05-13,Yes
Ludwigia peploides,IE,2020-09-27,Yes
Ludwigia peploides,IE,2020-11-22,Yes
Ludwigia peploides,IT,2016-05-08,Yes
Ludwigia peploides,IT,2022-11-27,Yes
Ludwigia peploides,IT,2024-09-08,Yes
Ludwigia peploides,LT,2017-08-06,Yes
Ludwigia peploides,LT,2018-09-23,Yes
Ludwigia peploides,LT,2023-01-08,Yes
Ludwigia peploides,LV,2019-02-10,Yes
Ludwigia peploides,LV,2020-05-10,Yes
Ludwigia peploides,MT,2022-11-13,Yes
Ludwigia peploides,NL,2019-04-21,Yes
Ludwigia peploides,PL,2021-09-12,Yes
Ludwigia peploides,PT,2018-03-04,Yes
Ludwigia peploides,PT,2019-08-04,Yes
Ludwigia peploides,RO,2018-02-04,Yes
Ludwigia peploides,SE,2016-01-24,Yes
Ludwigia peploides,SE,2016-05-01,Yes
Ludwigia peploides,SE,2018-03-18,Yes
Ludwigia peploides,SI,2018-04-22,Yes
Ludwigia peploides,SI,2021-09-12,Yes
Ludwigia peploides,SK,2018-06-10,Yes
Ludwigia peploides,SK,2020-09-27,Yes
Ludwigia peploides,SK,2021-07-25,Yes
Ludwigia peploides,SK,2023-10-01,Yes
Lygodium japonicum,BG,2020-08-02,Yes
Lygodium japonicum,BG,2020-10-11,Yes
Lygodium japonicum,CY,2021-05-30,Yes
Lygodium japonicum,CZ,2016-07-24,Yes
Lygodium japonicum,DK,2016-05-01,Yes
Lygodium japonicum,DK,2024-09-08,Yes
Lygodium japonicum,EE,2016-11-20,Yes
Lygodium japonicum,ES,2020-02-23,Yes
Lygodium japonicum,ES,2020-06-14,Yes
Lygodium japonicum,FI,2021-08-22,Yes
Lygodium japonicum,FR,2016-09-18,Yes
Lygodium japonicum,FR,2018-12-16,Yes
Lygodium japonicum,FR,2020-01-26,Yes
Lygodium japonicum,GB,2016-09-18,Yes
Lygodium japonicum,GB,2020-06-07,Yes
Lygodium japonicum,GR,2024-06-16,Yes
Lygodium japonicum,HR,2018-05-06,Yes
Lygodium japonicum,HU,2023-11-26,Yes
Lygodium japonicum,HU,2024-09-29,Yes
Lygodium japonicum,IE,2020-08-09,Yes
Lygodium japonicum,IT,2021-05-30,Yes
Lygodium japonicum,IT,2023-09-17,Yes
Lygodium japonicum,LT,2018-01-28,Yes
Lygodium japonicum,LT,2022-11-13,Yes
Lygodium japonicum,LV,2019-07-21,Yes
Lygodium japonicum,LV,2023-01-08,Yes
Lygodium japonicum,MT,2017-08-06,Yes
Lygodium japonicum,MT,2022-03-27,Yes
Lygodium japonicum,PL,2016-09-11,Yes
Lygodium japonicum,PL,2019-08-25,Yes
Lygodium japonicum,PL,2022-08-21,Yes
Lygodium japonicum,PL,2023-09-03,Yes
Lygodium japonicum,PT,2018-11-04,Yes
Lygodium japonicum,PT,2022-11-13,Yes
Lygodium japonicum,RO,2020-12-27,Yes
Lygodium japonicum,SE,2020-02-16,Yes
Lygodium japonicum,SI,2016-07-17,Yes
Lygodium japonicum,SI,2022-09-04,Yes
Lygodium japonicum,SI,2024-12-01,Yes
Lygodium japonicum,SK,2019-09-01,Yes
Lygodium japonicum,SK,2020-03-22,Yes
Lygodium japonicum,SK,2022-06-26,Yes
Lysichiton americanus,BE,2023-05-14,Yes
Lysichiton americanus,BE,2023-07-30,Yes
Lysichiton americanus,CY,2018-08-19,Yes
Lysichiton americanus,CY,2019-04-21,Yes
Lysichiton americanus,CZ,2016-09-11,Yes
Lysichiton americanus,CZ,2020-03-15,Yes
Lysichiton americanus,DE,2020-05-03,Yes
Lysichiton americanus,DE,2021-05-16,Yes
Lysichiton americanus,DE,2023-04-16,Yes
Lysichiton americanus,DK,2016-07-31,Yes
Lysichiton americanus,DK,2018-07-01,Yes
Lysichiton americanus,EE,2020-09-20,Yes
Lysichiton americanus,EE,2020-12-20,Yes
Lysichiton americanus,EE,2024-05-05,Yes
Lysichiton americanus,ES,2016-07-03,Yes
Lysichiton americanus,ES,2017-08-27,Yes
Lysichiton americanus,ES,2017-10-22,Yes
Lysichiton americanus,ES,2022-07-10,Yes
Lysichiton americanus,FI,2016-07-31,Yes
Lysichiton americanus,FI,2019-05-26,Yes
Lysichiton americanus,FI,2021-08-15,Yes
Lysichiton americanus,FI,2023-06-04,Yes
Lysichiton americanus,FR,2016-03-27,Yes
Lysichiton americanus,FR,2022-05-29,Yes
Lysichiton americanus,FR,2022-10-09,Yes
Lysichiton americanus,FR,2024-05-19,Yes
Lysichiton americanus,GB,2017-05-14,Yes
Lysichiton americanus,GB,2017-05-21,Yes
Lysichiton americanus,GB,2021-04-04,Yes
Lysichiton americanus,GB,2021-04-11,Yes
Lysichiton americanus,GR,2017-07-30,Yes
Lysichiton americanus,HR,2018-08-26,Yes
Lysichiton americanus,HR,2020-01-19,Yes
Lysichiton americanus,HU,2018-10-07,Yes
Lysichiton americanus,HU,2020-07-19,Yes
Lysichiton americanus,HU,2024-01-14,Yes
Lysichiton americanus,IE,2019-12-15,Yes
Lysichiton americanus,IT,2024-09-22,Yes
Lysichiton americanus,LT,2024-07-14,Yes
Lysichiton americanus,LU,2020-12-20,Yes
Lysichiton americanus,MT,2022-05-29,Yes
Lysichiton americanus,MT,2022-07-31,Yes
Lysichiton americanus,MT,2023-12-31,Yes
Lysichiton americanus,PL,2021-06-06,Yes
Lysichiton americanus,PL,2023-04-30,Yes
Lysichiton americanus,PL,2024-03-31,Yes
Lysichiton americanus,PL,2024-07-28,Yes
Lysichiton americanus,PT,2019-09-08,Yes
Lysichiton americanus,PT,2022-04-03,Yes
Lysichiton americanus,RO,2017-09-10,Yes
Lysichiton americanus,RO,2021-04-25,Yes
Lysichiton americanus,SE,2017-04-23,Yes
Lysichiton americanus,SE,2020-05-17,Yes
Lysichiton americanus,SE,2020-07-19,Yes
Lysichiton americanus,SE,2024-05-19,Yes
Lysichiton americanus,SI,2020-02-02,Yes
Lysichiton americanus,SI,2022-09-18,Yes
Lysichiton americanus,SI,2024-02-11,Yes
Lysichiton americanus,SI,2024-08-11,Yes
Lysichiton americanus,SK,2023-10-01,Yes
Microstegium vimineum,BE,2016-04-03,Yes
Microstegium vimineum,BE,2021-12-26,Yes
Microstegium vimineum,BG,2017-02-19,Yes
Microstegium vimineum,CZ,2020-06-14,Yes
Microstegium vimineum,DE,2018-06-03,Yes
Microstegium vimineum,DK,2021-07-11,Yes
Microstegium vimineum,EE,2016-04-10,Yes
Microstegium vimineum,FI,2019-09-29,Yes
Microstegium vimineum,FI,2020-02-09,Yes
Microstegium vimineum,FI,2020-03-01,Yes
Microstegium vimineum,FI,2022-06-12,Yes
Microstegium vimineum,FR,2017-10-22,Yes
Microstegium vimineum,GB,2016-07-17,Yes
Microstegium vimineum,GR,2017-05-14,Yes
Microstegium vimineum,GR,2018-05-27,Yes
Microstegium vimineum,HR,2023-09-10,Yes
Microstegium vimineum,HU,2017-12-17,Yes
Microstegium vimineum,HU,2021-01-31,Yes
Microstegium vimineum,IE,2021-01-31,Yes
Microstegium vimineum,IE,2024-06-16,Yes
Microstegium vimineum,LT,2019-07-28,Yes
Microstegium vimineum,LT,2019-09-01,Yes
Microstegium vimineum,LT,2024-01-07,Yes
Microstegium vimineum,LU,2016-05-29,Yes
Microstegium vimineum,LU,2020-11-22,Yes
Microstegium vimineum,LU,2021-08-29,Yes
Microstegium vimineum,MT,2016-09-11,Yes
Microstegium vimineum,MT,2017-06-18,Yes
Microstegium vimineum,NL,2018-09-30,Yes
Microstegium vimineum,PL,2017-06-18,Yes
Microstegium vimineum,RO,2022-08-14,Yes
Microstegium vimineum,SE,2019-01-06,Yes
Microstegium vimineum,SE,2020-10-04,Yes
Microstegium vimineum,SE,2023-05-28,Yes
Microstegium vimineum,SI,2016-06-26,Yes
Microstegium vimineum,SI,2022-03-27,Yes
Microstegium vimineum,SK,2022-12-04,Yes
Morone americana,AT,2018-04-08,Yes
Morone americana,AT,2022-07-31,Yes
Morone americana,BE,2018-04-22,Yes
Morone americana,BG,2016-12-11,Yes
Morone americana,CY,2018-08-19,Yes
Morone americana,CY,2023-01-15,Yes
Morone americana,CZ,2020-07-19,Yes
Morone americana,DE,2017-03-12,Yes
Morone americana,EE,2016-08-07,Yes
Morone americana,EE,2021-02-21,Yes
Morone americana,EE,2023-04-09,Yes
Morone americana,FI,2020-09-20,Yes
Morone americana,FI,2022-11-06,Yes
Morone americana,GB,2023-04-30,Yes
Morone americana,HR,2020-05-03,Yes
Morone americana,HR,2022-12-25,Yes
Morone americana,HU,2016-08-21,Yes
Morone americana,IE,2023-03-12,Yes
Morone americana,IT,2018-03-18,Yes
Morone americana,LT,2024-01-21,Yes
Morone americana,LU,2022-06-19,Yes
Morone americana,LU,2024-09-01,Yes
Morone americana,LV,2022-12-18,Yes
Morone americana,MT,2019-10-06,Yes
Morone americana,NL,2019-09-15,Yes
Morone americana,NL,2020-08-30,Yes
Morone americana,NL,2022-12-18,Yes
Morone americana,PL,2016-06-05,Yes
Morone americana,PT,2020-12-27,Yes
Morone americana,PT,2024-09-08,Yes
Morone americana,RO,2016-03-06,Yes
Morone americana,RO,2016-11-13,Yes
Morone americana,RO,2020-11-15,Yes
Morone americana,RO,2023-08-20,Yes
Morone americana,SE,2020-05-24,Yes
Morone americana,SI,2023-07-09,Yes
Morone americana,SI,2024-08-04,Yes
Morone americana,SK,2016-03-27,Yes
Morone americana,SK,2017-07-30,Yes
Muntiacus reevesi,AT,2019-05-05,Yes
Muntiacus reevesi,AT,2022-08-07,Yes
Muntiacus reevesi,BE,2017-10-22,Yes
Muntiacus reevesi,BE,2018-12-09,Yes
Muntiacus reevesi,BE,2020-03-08,Yes
Muntiacus reevesi,BE,2023-03-12,Yes
Muntiacus reevesi,BG,2020-10-04,Yes
Muntiacus reevesi,BG,2022-05-08,Yes
Muntiacus reevesi,BG,2023-12-17,Yes
Muntiacus reevesi,CY,2021-03-21,Yes
Muntiacus reevesi,CY,2021-04-04,Yes
Muntiacus reevesi,CZ,2018-09-16,Yes
Muntiacus reevesi,DE,2016-08-21,Yes
Muntiacus reevesi,DE,2019-12-01,Yes
Muntiacus reevesi,DE,2021-10-17,Yes
Muntiacus reevesi,DE,2023-02-12,Yes
Muntiacus reevesi,DK,2024-09-29,Yes
Muntiacus reevesi,FI,2023-05-07,Yes
Muntiacus reevesi,FR,2018-08-26,Yes
Muntiacus reevesi,FR,2018-09-02,Yes
Muntiacus reevesi,FR,2018-09-16,Yes
Muntiacus reevesi,FR,2021-06-20,Yes
Muntiacus reevesi,GB,2016-11-20,Yes
Muntiacus reevesi,GB,2016-12-04,Yes
Muntiacus reevesi,GB,2016-12-25,Yes
Muntiacus reevesi,GB,2019-07-28,Yes
Muntiacus reevesi,GR,2020-01-19,Yes
Muntiacus reevesi,GR,2021-03-14,Yes
Muntiacus reevesi,HR,2016-02-14,Yes
Muntiacus reevesi,HR,2017-01-15,Yes
Muntiacus reevesi,IE,2017-06-18,Yes
Muntiacus reevesi,IE,2017-12-10,Yes
Muntiacus reevesi,IE,2018-09-16,Yes
Muntiacus reevesi,IE,2024-08-25,Yes
Muntiacus reevesi,IT,2018-09-09,Yes
Muntiacus reevesi,IT,2024-04-07,Yes
Muntiacus reevesi,IT,2024-12-15,Yes
Muntiacus reevesi,LT,2022-01-09,Yes
Muntiacus reevesi,LT,2022-10-16,Yes
Muntiacus reevesi,LU,2016-07-24,Yes
Muntiacus reevesi,LV,2018-12-23,Yes
Muntiacus reevesi,MT,2024-09-08,Yes
Muntiacus reevesi,NL,2022-02-20,Yes
Muntiacus reevesi,NL,2023-01-01,Yes
Muntiacus reevesi,NL,2023-01-08,Yes
Muntiacus reevesi,NL,2023-06-25,Yes
Muntiacus reevesi,PL,2018-06-17,Yes
Muntiacus reevesi,PL,2023-01-08,Yes
Muntiacus reevesi,PT,2016-03-13,Yes
Muntiacus reevesi,RO,2021-05-23,Yes
Muntiacus reevesi,RO,2022-05-29,Yes
Muntiacus reevesi,RO,2023-06-11,Yes
Muntiacus reevesi,SE,2016-03-27,Yes
Muntiacus reevesi,SE,2023-01-15,Yes
Muntiacus reevesi,SI,2016-07-17,Yes
Muntiacus reevesi,SK,2019-04-07,Yes
Myocastor coypus,AT,2017-08-13,Yes
Myocastor coypus,AT,2017-12-03,Yes
Myocastor coypus,AT,2018-05-06,Yes
Myocastor coypus,AT,2019-12-29,Yes
Myocastor coypus,BE,2018-04-08,Yes
Myocastor coypus,BE,2020-01-26,Yes
Myocastor coypus,BE,2020-11-01,Yes
Myocastor coypus,BE,2021-01-17,Yes
Myocastor coypus,BG,2021-08-22,Yes
Myocastor coypus,BG,2022-01-30,Yes
Myocastor coypus,BG,2022-02-06,Yes
Myocastor coypus,BG,2024-05-19,Yes
Myocastor coypus,CY,2016-12-25,Yes
Myocastor coypus,CZ,2018-05-27,Yes
Myocastor coypus,CZ,2019-12-29,Yes
Myocastor coypus,CZ,2020-12-27,Yes
Myocastor coypus,CZ,2021-12-26,Yes
Myocastor coypus,DE,2019-12-29,Yes
Myocastor coypus,DE,2020-12-27,Yes
Myocastor coypus,DE,2021-02-21,Yes
Myocastor coypus,DE,2021-12-26,Yes
Myocastor coypus,DK,2017-08-20,Yes
Myocastor coypus,DK,2018-03-04,Yes
Myocastor coypus,DK,2020-08-30,Yes
Myocastor coypus,DK,2022-01-30,Yes
Myocastor coypus,EE,2019-09-01,Yes
Myocastor coypus,EE,2020-04-26,Yes
Myocastor coypus,EE,2020-10-25,Yes
Myocastor coypus,EE,2023-02-12,Yes
Myocastor coypus,ES,2016-11-27,Yes
Myocastor coypus,ES,2016-12-18,Yes
Myocastor coypus,ES,2023-01-22,Yes
Myocastor coypus,ES,2024-06-09,Yes
Myocastor coypus,FI,2016-03-27,Yes
Myocastor coypus,FI,2016-04-03,Yes
Myocastor coypus,FI,2016-07-31,Yes
Myocastor coypus,FI,2019-05-26,Yes
Myocastor coypus,FR,2018-12-30,Yes
Myocastor coypus,FR,2019-12-29,Yes
Myocastor coypus,FR,2020-12-27,Yes
Myocastor coypus,FR,2021-12-26,Yes
Myocastor coypus,GB,2016-03-06,Yes
Myocastor coypus,GB,2019-01-13,Yes
Myocastor coypus,GB,2020-05-24,Yes
Myocastor coypus,GB,2022-01-23,Yes
Myocastor coypus,GR,2017-10-22,Yes
Myocastor coypus,GR,2022-05-22,Yes
Myocastor coypus,GR,2023-01-15,Yes
Myocastor coypus,GR,2024-05-05,Yes
Myocastor coypus,HR,2020-12-06,Yes
Myocastor coypus,HR,2020-12-13,Yes
Myocastor coypus,HR,2021-11-21,Yes
Myocastor coypus,HR,2024-11-24,Yes
Myocastor coypus,HU,2016-11-20,Yes
Myocastor coypus,HU,2022-02-13,Yes
Myocastor coypus,HU,2022-09-18,Yes
Myocastor coypus,HU,2024-07-14,Yes
Myocastor coypus,IE,2017-05-14,Yes
Myocastor coypus,IE,2019-03-17,Yes
Myocastor coypus,IE,2019-03-24,Yes
Myocastor coypus,IE,2019-04-21,Yes
Myocastor coypus,IT,2018-12-30,Yes
Myocastor coypus,IT,2021-09-05,Yes
Myocastor coypus,IT,2021-09-12,Yes
Myocastor coypus,IT,2023-08-20,Yes
Myocastor coypus,LT,2018-12-02,Yes
Myocastor coypus,LT,2020-01-26,Yes
Myocastor coypus,LT,2020-09-06,Yes
Myocastor coypus,LT,2021-05-16,Yes
Myocastor coypus,LU,2017-03-12,Yes
Myocastor coypus,LU,2017-05-21,Yes
Myocastor coypus,LU,2017-10-01,Yes
Myocastor coypus,LU,2022-01-16,Yes
Myocastor coypus,LV,2019-11-17,Yes
Myocastor coypus,LV,2022-05-22,Yes
Myocastor coypus,LV,2023-05-07,Yes
Myocastor coypus,LV,2024-01-28,Yes
Myocastor coypus,MT,2017-01-29,Yes
Myocastor coypus,MT,2019-11-17,Yes
Myocastor coypus,MT,2022-08-28,Yes
Myocastor coypus,MT,2024-07-21,Yes
Myocastor coypus,NL,2018-01-21,Yes
Myocastor coypus,NL,2018-05-06,Yes
Myocastor coypus,NL,2020-02-02,Yes
Myocastor coypus,NL,2024-08-18,Yes
Myocastor coypus,PL,2018-02-11,Yes
Myocastor coypus,PL,2018-03-04,Yes
Myocastor coypus,PL,2019-01-06,Yes
Myocastor coypus,PL,2020-12-27,Yes
Myocastor coypus,PT,2016-05-29,Yes
Myocastor coypus,PT,2022-09-18,Yes
Myocastor coypus,PT,2024-01-28,Yes
Myocastor coypus,PT,2024-02-04,Yes
Myocastor coypus,RO,2017-05-21,Yes
Myocastor coypus,RO,2019-10-27,Yes
Myocastor coypus,RO,2020-12-27,Yes
Myocastor coypus,RO,2023-12-17,Yes
Myocastor coypus,SE,2019-12-22,Yes
Myocastor coypus,SE,2020-04-05,Yes
Myocastor coypus,SE,2021-08-15,Yes
Myocastor coypus,SE,2023-12-10,Yes
Myocastor coypus,SI,2023-05-21,Yes
Myocastor coypus,SI,2023-05-28,Yes
Myocastor coypus,SI,2023-07-23,Yes
Myocastor coypus,SI,2023-07-30,Yes
Myocastor coypus,SK,2016-11-20,Yes
Myocastor coypus,SK,2019-12-29,Yes
Myocastor coypus,SK,2020-12-27,Yes
Myocastor coypus,SK,2024-03-24,Yes
Myriophyllum aquaticum,AT,2017-03-26,Yes
Myriophyllum aquaticum,AT,2018-02-18,Yes
Myriophyllum aquaticum,AT,2023-10-22,Yes
Myriophyllum aquaticum,AT,2024-05-12,Yes
Myriophyllum aquaticum,BG,2024-09-22,Yes
Myriophyllum aquaticum,CZ,2021-09-19,Yes
Myriophyllum aquaticum,CZ,2022-01-09,Yes
Myriophyllum aquaticum,CZ,2023-10-15,Yes
Myriophyllum aquaticum,CZ,2024-09-29,Yes
Myriophyllum aquaticum,DE,2016-01-31,Yes
Myriophyllum aquaticum,DE,2019-02-24,Yes
Myriophyllum aquaticum,DE,2020-08-09,Yes
Myriophyllum aquaticum,DE,2021-09-05,Yes
Myriophyllum aquaticum,DK,2017-01-08,Yes
Myriophyllum aquaticum,DK,2019-08-04,Yes
Myriophyllum aquaticum,DK,2021-01-03,Yes
Myriophyllum aquaticum,EE,2019-08-04,Yes
Myriophyllum aquaticum,ES,2020-12-20,Yes
Myriophyllum aquaticum,ES,2021-10-10,Yes
Myriophyllum aquaticum,FI,2019-05-12,Yes
Myriophyllum aquaticum,FI,2023-08-20,Yes
Myriophyllum aquaticum,FR,2017-04-16,Yes
Myriophyllum aquaticum,FR,2018-08-12,Yes
Myriophyllum aquaticum,FR,2019-03-24,Yes
Myriophyllum aquaticum,FR,2021-04-11,Yes
Myriophyllum aquaticum,GB,2017-05-21,Yes
Myriophyllum aquaticum,GB,2019-05-12,Yes
Myriophyllum aquaticum,GB,2022-05-22,Yes
Myriophyllum aquaticum,GB,2023-01-08,Yes
Myriophyllum aquaticum,HR,2016-06-05,Yes
Myriophyllum aquaticum,HR,2023-02-05,Yes
Myriophyllum aquaticum,HU,2017-10-15,Yes
Myriophyllum aquaticum,HU,2017-12-17,Yes
Myriophyllum aquaticum,HU,2019-06-09,Yes
Myriophyllum aquaticum,IT,2018-12-23,Yes
Myriophyllum aquaticum,IT,2021-05-30,Yes
Myriophyllum aquaticum,IT,2021-07-25,Yes
Myriophyllum aquaticum,IT,2022-03-27,Yes
Myriophyllum aquaticum,LT,2018-01-14,Yes
Myriophyllum aquaticum,LU,2019-12-15,Yes
Myriophyllum aquaticum,LU,2022-01-02,Yes
Myriophyllum aquaticum,LV,2017-02-26,Yes
Myriophyllum aquaticum,LV,2018-11-25,Yes
Myriophyllum aquaticum,LV,2019-10-20,Yes
Myriophyllum aquaticum,MT,2017-04-23,Yes
Myriophyllum aquaticum,MT,2023-04-09,Yes
Myriophyllum aquaticum,NL,2016-07-24,Yes
Myriophyllum aquaticum,NL,2018-09-30,Yes
Myriophyllum aquaticum,NL,2018-12-23,Yes
Myriophyllum aquaticum,PL,2020-08-30,Yes
Myriophyllum aquaticum,PL,2021-11-21,Yes
Myriophyllum aquaticum,PT,2021-12-26,Yes
Myriophyllum aquaticum,RO,2022-02-06,Yes
Myriophyllum aquaticum,RO,2024-01-14,Yes
Myriophyllum aquaticum,SE,2015-12-27,Yes
Myriophyllum aquaticum,SI,2024-04-21,Yes
Myriophyllum aquaticum,SK,2017-07-23,Yes
Myriophyllum aquaticum,SK,2023-07-09,Yes
Myriophyllum heterophyllum,AT,2016-09-18,Yes
Myriophyllum heterophyllum,BE,2018-10-28,Yes
Myriophyllum heterophyllum,BG,2018-04-15,Yes
Myriophyllum heterophyllum,BG,2023-07-09,Yes
Myriophyllum heterophyllum,CY,2021-05-02,Yes
Myriophyllum heterophyllum,CZ,2017-10-15,Yes
Myriophyllum heterophyllum,CZ,2017-10-22,Yes
Myriophyllum heterophyllum,DE,2016-12-25,Yes
Myriophyllum heterophyllum,DK,2016-11-20,Yes
Myriophyllum heterophyllum,EE,2017-05-07,Yes
Myriophyllum heterophyllum,ES,2016-06-26,Yes
Myriophyllum heterophyllum,FI,2017-06-04,Yes
Myriophyllum heterophyllum,FI,2019-06-16,Yes
Myriophyllum heterophyllum,FR,2020-11-22,Yes
Myriophyllum heterophyllum,GB,2018-01-07,Yes
Myriophyllum heterophyllum,GB,2020-12-13,Yes
Myriophyllum heterophyllum,GB,2023-08-06,Yes
Myriophyllum heterophyllum,GR,2019-02-03,Yes
Myriophyllum heterophyllum,HR,2017-01-08,Yes
Myriophyllum heterophyllum,IT,2017-12-17,Yes
Myriophyllum heterophyllum,IT,2018-05-06,Yes
Myriophyllum heterophyllum,IT,2020-11-29,Yes
Myriophyllum heterophyllum,LT,2019-08-04,Yes
Myriophyllum heterophyllum,LT,2020-08-23,Yes
Myriophyllum heterophyllum,LT,2022-10-30,Yes
Myriophyllum heterophyllum,LT,2023-10-29,Yes
Myriophyllum heterophyllum,LU,2022-06-12,Yes
Myriophyllum heterophyllum,LV,2023-12-10,Yes
Myriophyllum heterophyllum,MT,2018-06-10,Yes
Myriophyllum heterophyllum,MT,2023-10-08,Yes
Myriophyllum heterophyllum,NL,2016-01-03,Yes
Myriophyllum heterophyllum,NL,2016-04-03,Yes
Myriophyllum heterophyllum,NL,2016-07-03,Yes
Myriophyllum heterophyllum,PT,2016-04-03,Yes
Myriophyllum heterophyllum,PT,2021-05-23,Yes
Myriophyllum heterophyllum,RO,2016-01-17,Yes
Myriophyllum heterophyllum,RO,2016-03-27,Yes
Myriophyllum heterophyllum,RO,2019-07-14,Yes
Myriophyllum heterophyllum,RO,2023-10-29,Yes
Myriophyllum heterophyllum,SE,2018-07-29,Yes
Myriophyllum heterophyllum,SI,2016-08-07,Yes
Myriophyllum heterophyllum,SI,2023-06-25,Yes
Myriophyllum heterophyllum,SI,2024-04-21,Yes
Myriophyllum heterophyllum,SK,2016-09-04,Yes
Nasua nasua,AT,2016-07-10,Yes
Nasua nasua,AT,2019-12-29,Yes
Nasua nasua,AT,2020-07-26,Yes
Nasua nasua,AT,2021-12-26,Yes
Nasua nasua,BE,2016-09-18,Yes
Nasua nasua,BE,2020-09-27,Yes
Nasua nasua,BE,2020-10-11,Yes
Nasua nasua,BE,2021-06-13,Yes
Nasua nasua,BG,2016-03-13,Yes
Nasua nasua,BG,2016-08-14,Yes
Nasua nasua,CY,2021-01-17,Yes
Nasua nasua,CY,2023-04-23,Yes
Nasua nasua,CZ,2017-05-21,Yes
Nasua nasua,CZ,2021-08-29,Yes
Nasua nasua,CZ,2023-04-16,Yes
Nasua nasua,CZ,2024-03-31,Yes
Nasua nasua,DE,2016-07-10,Yes
Nasua nasua,DE,2018-12-30,Yes
Nasua nasua,DE,2021-12-26,Yes
Nasua nasua,DE,2023-12-10,Yes
Nasua nasua,DK,2023-02-19,Yes
Nasua nasua,DK,2024-07-14,Yes
Nasua nasua,DK,2024-10-27,Yes
Nasua nasua,ES,2016-11-06,Yes
Nasua nasua,ES,2016-11-13,Yes
Nasua nasua,ES,2019-05-05,Yes
Nasua nasua,ES,2023-10-01,Yes
Nasua nasua,FI,2018-02-04,Yes
Nasua nasua,FI,2018-07-29,Yes
Nasua nasua,FI,2022-01-02,Yes
Nasua nasua,FI,2022-01-30,Yes
Nasua nasua,FR,2016-12-11,Yes
Nasua nasua,FR,2016-12-18,Yes
Nasua nasua,FR,2021-12-05,Yes
Nasua nasua,FR,2022-11-27,Yes
Nasua nasua,GB,2018-02-18,Yes
Nasua nasua,GB,2018-07-15,Yes
Nasua nasua,GB,2022-07-03,Yes
Nasua nasua,GB,2022-11-27,Yes
Nasua nasua,HU,2023-12-10,Yes
Nasua nasua,IE,2018-11-11,Yes
Nasua nasua,IE,2024-12-08,Yes
Nasua nasua,IT,2024-06-02,Yes
Nasua nasua,IT,2024-06-09,Yes
Nasua nasua,IT,2024-06-16,Yes
Nasua nasua,IT,2024-06-23,Yes
Nasua nasua,LT,2020-03-29,Yes
Nasua nasua,LT,2021-02-28,Yes
Nasua nasua,LT,2021-06-06,Yes
Nasua nasua,LU,2016-07-10,Yes
Nasua nasua,LV,2023-12-24,Yes
Nasua nasua,MT,2019-05-12,Yes
Nasua nasua,MT,2023-04-09,Yes
Nasua nasua,NL,2017-06-25,Yes
Nasua nasua,NL,2019-12-29,Yes
Nasua nasua,NL,2021-12-19,Yes
Nasua nasua,NL,2022-07-03,Yes
Nasua nasua,PL,2016-07-31,Yes
Nasua nasua,PL,2019-12-22,Yes
Nasua nasua,PL,2019-12-29,Yes
Nasua nasua,PL,2024-01-07,Yes
Nasua nasua,PT,2016-01-03,Yes
Nasua nasua,PT,2016-11-27,Yes
Nasua nasua,PT,2019-07-07,Yes
Nasua nasua,PT,2024-10-06,Yes
Nasua nasua,RO,2018-11-25,Yes
Nasua nasua,RO,2019-07-28,Yes
Nasua nasua,RO,2020-11-29,Yes
Nasua nasua,RO,2023-07-23,Yes
Nasua nasua,SE,2019-09-22,Yes
Nasua nasua,SE,2019-12-22,Yes
Nasua nasua,SE,2023-06-25,Yes
Nasua nasua,SI,2023-12-03,Yes
Nasua nasua,SK,2020-01-05,Yes
Nasua nasua,SK,2020-03-29,Yes
Nyctereutes procyonoides,AT,2021-05-30,Yes
Nyctereutes procyonoides,AT,2021-06-06,Yes
Nyctereutes procyonoides,AT,2023-03-12,Yes
Nyctereutes procyonoides,AT,2023-05-28,Yes
Nyctereutes procyonoides,BE,2017-01-08,Yes
Nyctereutes procyonoides,BE,2017-01-15,Yes
Nyctereutes procyonoides,BE,2023-03-12,Yes
Nyctereutes procyonoides,BE,2024-09-15,Yes
Nyctereutes procyonoides,BG,2019-08-11,Yes
Nyctereutes procyonoides,BG,2021-04-25,Yes
Nyctereutes procyonoides,BG,2022-07-10,Yes
Nyctereutes procyonoides,BG,2024-03-24,Yes
Nyctereutes procyonoides,CZ,2019-12-29,Yes
Nyctereutes procyonoides,CZ,2021-06-06,Yes
Nyctereutes procyonoides,CZ,2021-11-14,Yes
Nyctereutes procyonoides,CZ,2023-01-01,Yes
Nyctereutes procyonoides,DE,2020-04-26,Yes
Nyctereutes procyonoides,DE,2022-07-31,Yes
Nyctereutes procyonoides,DE,2023-03-12,Yes
Nyctereutes procyonoides,DE,2023-03-19,Yes
Nyctereutes procyonoides,DK,2018-02-18,Yes
Nyctereutes procyonoides,DK,2018-09-23,Yes
Nyctereutes procyonoides,DK,2018-11-04,Yes
Nyctereutes procyonoides,DK,2021-05-23,Yes
Nyctereutes procyonoides,EE,2019-03-24,Yes
Nyctereutes procyonoides,EE,2019-07-28,Yes
Nyctereutes procyonoides,EE,2019-12-29,Yes
Nyctereutes procyonoides,EE,2024-09-22,Yes
Nyctereutes procyonoides,ES,2018-10-28,Yes
Nyctereutes procyonoides,ES,2020-03-01,Yes
Nyctereutes procyonoides,ES,2023-03-12,Yes
Nyctereutes procyonoides,ES,2023-03-19,Yes
Nyctereutes procyonoides,FI,2017-07-02,Yes
Nyctereutes procyonoides,FI,2017-07-09,Yes
Nyctereutes procyonoides,FI,2017-07-23,Yes
Nyctereutes procyonoides,FI,2022-06-26,Yes
Nyctereutes procyonoides,FR,2017-01-08,Yes
Nyctereutes procyonoides,FR,2017-01-15,Yes
Nyctereutes procyonoides,FR,2023-04-02,Yes
Nyctereutes procyonoides,FR,2024-09-15,Yes
Nyctereutes procyonoides,GB,2019-05-26,Yes
Nyctereutes procyonoides,GB,2020-07-05,Yes
Nyctereutes procyonoides,GB,2020-07-12,Yes
Nyctereutes procyonoides,GB,2021-06-06,Yes
Nyctereutes procyonoides,GR,2019-02-24,Yes
Nyctereutes procyonoides,GR,2020-07-26,Yes
Nyctereutes procyonoides,GR,2021-12-12,Yes
Nyctereutes procyonoides,HR,2018-11-25,Yes
Nyctereutes procyonoides,HR,2020-04-26,Yes
Nyctereutes procyonoides,HR,2020-05-03,Yes
Nyctereutes procyonoides,HR,2024-02-04,Yes
Nyctereutes procyonoides,HU,2023-01-08,Yes
Nyctereutes procyonoides,HU,2023-03-12,Yes
Nyctereutes procyonoides,HU,2023-07-30,Yes
Nyctereutes procyonoides,HU,2024-02-04,Yes
Nyctereutes procyonoides,IE,2019-05-26,Yes
Nyctereutes procyonoides,IE,2022-02-27,Yes
Nyctereutes procyonoides,IE,2023-03-12,Yes
Nyctereutes procyonoides,IE,2023-03-19,Yes
Nyctereutes procyonoides,IT,2018-11-11,Yes
Nyctereutes procyonoides,IT,2021-01-17,Yes
Nyctereutes procyonoides,IT,2023-03-12,Yes
Nyctereutes procyonoides,IT,2024-02-25,Yes
Nyctereutes procyonoides,LT,2020-04-26,Yes
Nyctereutes procyonoides,LT,2021-12-26,Yes
Nyctereutes procyonoides,LT,2022-07-17,Yes
Nyctereutes procyonoides,LT,2024-04-21,Yes
Nyctereutes procyonoides,LU,2020-04-26,Yes
Nyctereutes procyonoides,LU,2021-02-07,Yes
Nyctereutes procyonoides,LU,2022-02-20,Yes
Nyctereutes procyonoides,LU,2024-07-07,Yes
Nyctereutes procyonoides,LV,2016-09-18,Yes
Nyctereutes procyonoides,LV,2019-02-10,Yes
Nyctereutes procyonoides,LV,2020-10-25,Yes
Nyctereutes procyonoides,LV,2021-08-15,Yes
Nyctereutes procyonoides,MT,2019-05-12,Yes
Nyctereutes procyonoides,MT,2020-01-26,Yes
Nyctereutes procyonoides,MT,2023-08-20,Yes
Nyctereutes procyonoides,NL,2019-04-14,Yes
Nyctereutes procyonoides,NL,2019-08-25,Yes
Nyctereutes procyonoides,NL,2020-10-25,Yes
Nyctereutes procyonoides,NL,2023-03-12,Yes
Nyctereutes procyonoides,PL,2018-11-11,Yes
Nyctereutes procyonoides,PL,2021-01-10,Yes
Nyctereutes procyonoides,PL,2021-10-17,Yes
Nyctereutes procyonoides,PL,2021-12-26,Yes
Nyctereutes procyonoides,PT,2019-05-26,Yes
Nyctereutes procyonoides,PT,2022-07-03,Yes
Nyctereutes procyonoides,PT,2023-03-12,Yes
Nyctereutes procyonoides,PT,2023-10-01,Yes
Nyctereutes procyonoides,RO,2017-10-29,Yes
Nyctereutes procyonoides,RO,2023-11-12,Yes
Nyctereutes procyonoides,RO,2023-12-03,Yes
Nyctereutes procyonoides,RO,2024-12-01,Yes
Nyctereutes procyonoides,SE,2017-04-16,Yes
Nyctereutes procyonoides,SE,2017-07-23,Yes
Nyctereutes procyonoides,SE,2022-10-16,Yes
Nyctereutes procyonoides,SE,2022-11-06,Yes
Nyctereutes procyonoides,SI,2016-06-05,Yes
Nyctereutes procyonoides,SI,2019-06-02,Yes
Nyctereutes procyonoides,SI,2022-10-16,Yes
Nyctereutes procyonoides,SK,2019-09-01,Yes
Nyctereutes procyonoides,SK,2019-09-22,Yes
Nyctereutes procyonoides,SK,2019-10-27,Yes
Nyctereutes procyonoides,SK,2020-12-06,Yes
Ondatra zibethicus,AT,2017-07-30,Yes
Ondatra zibethicus,AT,2019-12-29,Yes
Ondatra zibethicus,AT,2021-12-26,Yes
Ondatra zibethicus,AT,2023-01-29,Yes
Ondatra zibethicus,BE,2016-01-17,Yes
Ondatra zibethicus,BE,2017-07-16,Yes
Ondatra zibethicus,BE,2019-12-29,Yes
Ondatra zibethicus,BE,2021-01-10,Yes
Ondatra zibethicus,BG,2019-06-16,Yes
Ondatra zibethicus,BG,2020-06-21,Yes
Ondatra zibethicus,BG,2023-12-17,Yes
Ondatra zibethicus,BG,2024-07-21,Yes
Ondatra zibethicus,CY,2018-03-25,Yes
Ondatra zibethicus,CY,2018-07-08,Yes
Ondatra zibethicus,CY,2023-11-12,Yes
Ondatra zibethicus,CZ,2016-06-05,Yes
Ondatra zibethicus,CZ,2018-12-30,Yes
Ondatra zibethicus,CZ,2019-12-29,Yes
Ondatra zibethicus,CZ,2020-12-27,Yes
Ondatra zibethicus,DE,2017-06-18,Yes
Ondatra zibethicus,DE,2017-09-17,Yes
Ondatra zibethicus,DE,2019-12-29,Yes
Ondatra zibethicus,DE,2021-12-26,Yes
Ondatra zibethicus,DK,2018-08-19,Yes
Ondatra zibethicus,DK,2020-05-31,Yes
Ondatra zibethicus,DK,2024-07-14,Yes
Ondatra zibethicus,DK,2024-08-25,Yes
Ondatra zibethicus,EE,2018-02-25,Yes
Ondatra zibethicus,EE,2019-04-28,Yes
Ondatra zibethicus,EE,2019-11-03,Yes
Ondatra zibethicus,EE,2019-11-17,Yes
Ondatra zibethicus,ES,2019-01-13,Yes
Ondatra zibethicus,ES,2022-02-06,Yes
Ondatra zibethicus,ES,2024-04-07,Yes
Ondatra zibethicus,ES,2024-08-11,Yes
Ondatra zibethicus,FI,2016-02-21,Yes
Ondatra zibethicus,FI,2020-05-17,Yes
Ondatra zibethicus,FI,2020-12-27,Yes
Ondatra zibethicus,FI,2021-06-06,Yes
Ondatra zibethicus,FR,2018-12-30,Yes
Ondatra zibethicus,FR,2021-06-06,Yes
Ondatra zibethicus,FR,2022-07-24,Yes
Ondatra zibethicus,FR,2022-11-06,Yes
Ondatra zibethicus,GB,2017-03-26,Yes
Ondatra zibethicus,GB,2018-12-30,Yes
Ondatra zibethicus,GB,2019-05-05,Yes
Ondatra zibethicus,GB,2024-09-22,Yes
Ondatra zibethicus,GR,2018-09-30,Yes
Ondatra zibethicus,GR,2019-09-15,Yes
Ondatra zibethicus,GR,2022-09-18,Yes
Ondatra zibethicus,GR,2024-04-07,Yes
Ondatra zibethicus,HR,2019-01-13,Yes
Ondatra zibethicus,HR,2020-12-13,Yes
Ondatra zibethicus,HR,2024-01-28,Yes
Ondatra zibethicus,HR,2024-06-02,Yes
Ondatra zibethicus,HU,2017-03-26,Yes
Ondatra zibethicus,HU,2021-02-07,Yes
Ondatra zibethicus,HU,2024-01-28,Yes
Ondatra zibethicus,HU,2024-09-01,Yes
Ondatra zibethicus,IE,2016-09-04,Yes
Ondatra zibethicus,IE,2017-10-15,Yes
Ondatra zibethicus,IE,2021-09-12,Yes
Ondatra zibethicus,IE,2024-09-22,Yes
Ondatra zibethicus,IT,2019-08-18,Yes
Ondatra zibethicus,IT,2019-08-25,Yes
Ondatra zibethicus,IT,2022-10-09,Yes
Ondatra zibethicus,IT,2022-10-16,Yes
Ondatra zibethicus,LT,2016-06-12,Yes
Ondatra zibethicus,LT,2017-03-26,Yes
Ondatra zibethicus,LT,2018-01-07,Yes
Ondatra zibethicus,LT,2021-04-11,Yes
Ondatra zibethicus,LU,2018-01-28,Yes
Ondatra zibethicus,LU,2023-11-19,Yes
Ondatra zibethicus,LV,2016-05-15,Yes
Ondatra zibethicus,LV,2016-12-18,Yes
Ondatra zibethicus,LV,2020-02-16,Yes
Ondatra zibethicus,LV,2024-10-13,Yes
Ondatra zibethicus,MT,2016-07-17,Yes
Ondatra zibethicus,NL,2018-01-21,Yes
Ondatra zibethicus,NL,2019-03-17,Yes
Ondatra zibethicus,NL,2020-10-18,Yes
Ondatra zibethicus,NL,2023-03-12,Yes
Ondatra zibethicus,PL,2020-09-06,Yes
Ondatra zibethicus,PL,2020-09-13,Yes
Ondatra zibethicus,PL,2021-09-19,Yes
Ondatra zibethicus,PL,2021-09-26,Yes
Ondatra zibethicus,RO,2016-11-27,Yes
Ondatra zibethicus,RO,2019-07-14,Yes
Ondatra zibethicus,RO,2024-06-02,Yes
Ondatra zibethicus,RO,2024-11-17,Yes
Ondatra zibethicus,SE,2019-12-29,Yes
Ondatra zibethicus,SE,2022-04-10,Yes
Ondatra zibethicus,SE,2023-12-10,Yes
Ondatra zibethicus,SE,2024-01-14,Yes
Ondatra zibethicus,SI,2016-10-09,Yes
Ondatra zibethicus,SI,2018-07-29,Yes
Ondatra zibethicus,SI,2020-10-25,Yes
Ondatra zibethicus,SI,2023-05-21,Yes
Ondatra zibethicus,SK,2019-04-07,Yes
Ondatra zibethicus,SK,2020-04-26,Yes
Ondatra zibethicus,SK,2020-12-27,Yes
Ondatra zibethicus,SK,2023-03-19,Yes
Oxyura jamaicensis,AT,2016-11-20,Yes
Oxyura jamaicensis,BE,2019-04-28,Yes
Oxyura jamaicensis,BE,2022-10-16,Yes
Oxyura jamaicensis,BE,2023-03-19,Yes
Oxyura jamaicensis,BE,2024-09-29,Yes
Oxyura jamaicensis,BG,2021-07-25,Yes
Oxyura jamaicensis,CY,2017-09-17,Yes
Oxyura jamaicensis,DE,2019-12-22,Yes
Oxyura jamaicensis,DE,2022-09-18,Yes
Oxyura jamaicensis,DE,2023-06-18,Yes
Oxyura jamaicensis,DE,2024-03-31,Yes
Oxyura jamaicensis,ES,2017-05-21,Yes
Oxyura jamaicensis,ES,2022-01-16,Yes
Oxyura jamaicensis,ES,2023-01-15,Yes
Oxyura jamaicensis,ES,2023-01-22,Yes
Oxyura jamaicensis,FI,2016-05-01,Yes
Oxyura jamaicensis,FI,2023-01-29,Yes
Oxyura jamaicensis,FI,2023-10-15,Yes
Oxyura jamaicensis,FR,2020-11-01,Yes
Oxyura jamaicensis,GB,2019-12-29,Yes
Oxyura jamaicensis,GB,2021-05-02,Yes
Oxyura jamaicensis,GB,2021-12-26,Yes
Oxyura jamaicensis,GB,2024-02-11,Yes
Oxyura jamaicensis,GR,2018-12-09,Yes
Oxyura jamaicensis,GR,2020-05-03,Yes
Oxyura jamaicensis,HR,2023-12-24,Yes
Oxyura jamaicensis,HU,2017-09-17,Yes
Oxyura jamaicensis,HU,2017-12-17,Yes
Oxyura jamaicensis,HU,2023-08-27,Yes
Oxyura jamaicensis,IE,2018-06-24,Yes
Oxyura jamaicensis,IE,2020-02-02,Yes
Oxyura jamaicensis,IT,2016-10-09,Yes
Oxyura jamaicensis,IT,2016-10-16,Yes
Oxyura jamaicensis,IT,2018-08-05,Yes
Oxyura jamaicensis,IT,2022-07-03,Yes
Oxyura jamaicensis,LT,2018-12-02,Yes
Oxyura jamaicensis,LT,2023-09-24,Yes
Oxyura jamaicensis,LU,2018-06-10,Yes
Oxyura jamaicensis,LU,2023-04-30,Yes
Oxyura jamaicensis,LV,2020-10-18,Yes
Oxyura jamaicensis,MT,2018-02-11,Yes
Oxyura jamaicensis,MT,2020-12-13,Yes
Oxyura jamaicensis,MT,2021-04-11,Yes
Oxyura jamaicensis,MT,2024-08-11,Yes
Oxyura jamaicensis,NL,2017-10-22,Yes
Oxyura jamaicensis,NL,2018-02-11,Yes
Oxyura jamaicensis,NL,2021-02-14,Yes
Oxyura jamaicensis,NL,2022-07-31,Yes
Oxyura jamaicensis,PL,2020-07-12,Yes
Oxyura jamaicensis,PL,2022-07-10,Yes
Oxyura jamaicensis,PL,2024-02-04,Yes
Oxyura jamaicensis,PT,2016-05-22,Yes
Oxyura jamaicensis,SE,2021-06-13,Yes
Oxyura jamaicensis,SI,2017-05-07,Yes
Oxyura jamaicensis,SI,2017-10-15,Yes
Oxyura jamaicensis,SI,2017-12-17,Yes
Oxyura jamaicensis,SK,2019-03-03,Yes
Oxyura jamaicensis,SK,2020-09-06,Yes
Oxyura jamaicensis,SK,2021-08-01,Yes
Pacifastacus leniusculus,AT,2017-10-29,Yes
Pacifastacus leniusculus,AT,2021-07-04,Yes
Pacifastacus leniusculus,AT,2024-03-03,Yes
Pacifastacus leniusculus,AT,2024-04-28,Yes
Pacifastacus leniusculus,BE,2023-04-09,Yes
Pacifastacus leniusculus,BG,2022-01-30,Yes
Pacifastacus leniusculus,BG,2022-08-07,Yes
Pacifastacus leniusculus,BG,2023-08-27,Yes
Pacifastacus leniusculus,CZ,2018-04-29,Yes
Pacifastacus leniusculus,CZ,2021-03-21,Yes
Pacifastacus leniusculus,CZ,2021-08-08,Yes
Pacifastacus leniusculus,CZ,2022-02-20,Yes
Pacifastacus leniusculus,DE,2019-02-24,Yes
Pacifastacus leniusculus,DE,2019-10-13,Yes
Pacifastacus leniusculus,DE,2023-08-20,Yes
Pacifastacus leniusculus,DE,2024-06-30,Yes
Pacifastacus leniusculus,DK,2018-10-14,Yes
Pacifastacus leniusculus,DK,2019-08-04,Yes
Pacifastacus leniusculus,DK,2019-08-18,Yes
Pacifastacus leniusculus,DK,2019-10-13,Yes
Pacifastacus leniusculus,ES,2018-08-05,Yes
Pacifastacus leniusculus,ES,2019-07-28,Yes
Pacifastacus leniusculus,ES,2021-07-18,Yes
Pacifastacus leniusculus,ES,2024-06-30,Yes
Pacifastacus leniusculus,FI,2016-08-07,Yes
Pacifastacus leniusculus,FI,2018-08-19,Yes
Pacifastacus leniusculus,FI,2019-08-11,Yes
Pacifastacus leniusculus,FI,2024-07-21,Yes
Pacifastacus leniusculus,FR,2016-08-14,Yes
Pacifastacus leniusculus,FR,2016-09-18,Yes
Pacifastacus leniusculus,FR,2022-07-03,Yes
Pacifastacus leniusculus,FR,2022-07-31,Yes
Pacifastacus leniusculus,GB,2022-08-07,Yes
Pacifastacus leniusculus,GB,2024-04-28,Yes
Pacifastacus leniusculus,GB,2024-05-05,Yes
Pacifastacus leniusculus,GB,2024-05-12,Yes
Pacifastacus leniusculus,GR,2018-01-28,Yes
Pacifastacus leniusculus,GR,2019-04-28,Yes
Pacifastacus leniusculus,GR,2020-04-19,Yes
Pacifastacus leniusculus,GR,2024-07-07,Yes
Pacifastacus leniusculus,HR,2016-04-24,Yes
Pacifastacus leniusculus,HR,2016-09-04,Yes
Pacifastacus leniusculus,HU,2022-02-06,Yes
Pacifastacus leniusculus,IE,2016-09-18,Yes
Pacifastacus leniusculus,IE,2020-07-19,Yes
Pacifastacus leniusculus,IE,2023-04-09,Yes
Pacifastacus leniusculus,IE,2024-07-14,Yes
Pacifastacus leniusculus,LT,2019-04-21,Yes
Pacifastacus leniusculus,LU,2019-04-28,Yes
Pacifastacus leniusculus,LU,2020-09-13,Yes
Pacifastacus leniusculus,LU,2024-01-14,Yes
Pacifastacus leniusculus,LV,2017-10-22,Yes
Pacifastacus leniusculus,LV,2021-10-10,Yes
Pacifastacus leniusculus,MT,2020-08-23,Yes
Pacifastacus leniusculus,MT,2021-01-31,Yes
Pacifastacus leniusculus,NL,2016-01-03,Yes
Pacifastacus leniusculus,NL,2021-01-10,Yes
Pacifastacus leniusculus,NL,2021-07-25,Yes
Pacifastacus leniusculus,NL,2024-06-16,Yes
Pacifastacus leniusculus,PL,2016-07-17,Yes
Pacifastacus leniusculus,PL,2017-07-09,Yes
Pacifastacus leniusculus,PL,2019-12-29,Yes
Pacifastacus leniusculus,PL,2021-12-26,Yes
Pacifastacus leniusculus,PT,2022-11-06,Yes
Pacifastacus leniusculus,PT,2023-05-21,Yes
Pacifastacus leniusculus,RO,2019-04-14,Yes
Pacifastacus leniusculus,SE,2016-07-31,Yes
Pacifastacus leniusculus,SE,2020-08-02,Yes
Pacifastacus leniusculus,SE,2021-08-08,Yes
Pacifastacus leniusculus,SE,2023-08-06,Yes
Pacifastacus leniusculus,SK,2020-01-12,Yes
Pacifastacus leniusculus,SK,2022-07-24,Yes
Pacifastacus leniusculus,SK,2024-06-23,Yes
Pacifastacus leniusculus,SK,2024-12-29,Yes
Parthenium hysterophorus,BE,2018-08-12,Yes
Parthenium hysterophorus,BE,2019-03-03,Yes
Parthenium hysterophorus,BG,2019-11-03,Yes
Parthenium hysterophorus,BG,2022-06-19,Yes
Parthenium hysterophorus,BG,2023-03-19,Yes
Parthenium hysterophorus,CY,2020-02-23,Yes
Parthenium hysterophorus,DE,2019-08-18,Yes
Parthenium hysterophorus,DE,2022-03-06,Yes
Parthenium hysterophorus,DE,2024-03-17,Yes
Parthenium hysterophorus,DK,2020-02-23,Yes
Parthenium hysterophorus,ES,2017-11-12,Yes
Parthenium hysterophorus,FI,2021-01-10,Yes
Parthenium hysterophorus,FI,2021-10-10,Yes
Parthenium hysterophorus,FI,2022-09-25,Yes
Parthenium hysterophorus,FR,2023-08-20,Yes
Parthenium hysterophorus,FR,2023-09-03,Yes
Parthenium hysterophorus,GR,2016-03-06,Yes
Parthenium hysterophorus,GR,2017-02-12,Yes
Parthenium hysterophorus,GR,2020-11-01,Yes
Parthenium hysterophorus,HR,2016-06-12,Yes
Parthenium hysterophorus,HU,2019-10-13,Yes
Parthenium hysterophorus,HU,2021-10-31,Yes
Parthenium hysterophorus,IT,2016-05-22,Yes
Parthenium hysterophorus,IT,2017-07-16,Yes
Parthenium hysterophorus,LT,2017-07-30,Yes
Parthenium hysterophorus,LU,2016-03-06,Yes
Parthenium hysterophorus,LU,2024-11-24,Yes
Parthenium hysterophorus,LV,2018-09-30,Yes
Parthenium hysterophorus,LV,2022-05-29,Yes
Parthenium hysterophorus,LV,2023-12-31,Yes
Parthenium hysterophorus,LV,2024-02-25,Yes
Parthenium hysterophorus,MT,2018-12-16,Yes
Parthenium hysterophorus,NL,2016-03-13,Yes
Parthenium hysterophorus,NL,2020-04-05,Yes
Parthenium hysterophorus,NL,2022-11-13,Yes
Parthenium hysterophorus,PL,2016-06-12,Yes
Parthenium hysterophorus,PL,2016-11-06,Yes
Parthenium hysterophorus,PL,2022-01-09,Yes
Parthenium hysterophorus,PT,2019-06-30,Yes
Parthenium hysterophorus,RO,2017-07-02,Yes
Parthenium hysterophorus,RO,2021-10-03,Yes
Parthenium hysterophorus,SE,2018-06-03,Yes
Parthenium hysterophorus,SE,2020-07-19,Yes
Parthenium hysterophorus,SE,2023-12-10,Yes
Parthenium hysterophorus,SI,2018-06-03,Yes
Pennisetum setaceum,AT,2019-03-31,Yes
Pennisetum setaceum,AT,2022-09-04,Yes
Pennisetum setaceum,AT,2023-05-21,Yes
Pennisetum setaceum,BE,2017-10-01,Yes
Pennisetum setaceum,BE,2019-05-12,Yes
Pennisetum setaceum,BE,2021-10-10,Yes
Pennisetum setaceum,BE,2023-10-01,Yes
Pennisetum setaceum,CZ,2017-04-30,Yes
Pennisetum setaceum,CZ,2022-09-18,Yes
Pennisetum setaceum,CZ,2023-09-17,Yes
Pennisetum setaceum,CZ,2024-04-28,Yes
Pennisetum setaceum,DE,2017-08-13,Yes
Pennisetum setaceum,DE,2018-08-05,Yes
Pennisetum setaceum,DE,2018-08-12,Yes
Pennisetum setaceum,DE,2019-08-11,Yes
Pennisetum setaceum,DK,2016-10-02,Yes
Pennisetum setaceum,DK,2018-11-11,Yes
Pennisetum setaceum,DK,2022-08-21,Yes
Pennisetum setaceum,EE,2018-01-21,Yes
Pennisetum setaceum,EE,2023-05-21,Yes
Pennisetum setaceum,ES,2021-05-02,Yes
Pennisetum setaceum,ES,2023-10-15,Yes
Pennisetum setaceum,ES,2023-10-22,Yes
Pennisetum setaceum,ES,2023-12-17,Yes
Pennisetum setaceum,FR,2016-08-07,Yes
Pennisetum setaceum,FR,2022-09-25,Yes
Pennisetum setaceum,FR,2023-04-30,Yes
Pennisetum setaceum,FR,2023-09-10,Yes
Pennisetum setaceum,GB,2018-04-15,Yes
Pennisetum setaceum,GB,2018-07-22,Yes
Pennisetum setaceum,GB,2021-08-22,Yes
Pennisetum setaceum,GB,2023-08-20,Yes
Pennisetum setaceum,GR,2018-11-11,Yes
Pennisetum setaceum,GR,2020-08-02,Yes
Pennisetum setaceum,GR,2021-12-26,Yes
Pennisetum setaceum,HR,2018-02-11,Yes
Pennisetum setaceum,HR,2023-10-01,Yes
Pennisetum setaceum,HR,2024-11-17,Yes
Pennisetum setaceum,HU,2017-02-19,Yes
Pennisetum setaceum,HU,2020-03-01,Yes
Pennisetum setaceum,IE,2019-10-20,Yes
Pennisetum setaceum,IE,2021-08-29,Yes
Pennisetum setaceum,IT,2019-09-29,Yes
Pennisetum setaceum,IT,2020-07-05,Yes
Pennisetum setaceum,IT,2022-05-08,Yes
Pennisetum setaceum,IT,2022-10-23,Yes
Pennisetum setaceum,LT,2022-05-15,Yes
Pennisetum setaceum,LU,2019-02-24,Yes
Pennisetum setaceum,LU,2022-03-27,Yes
Pennisetum setaceum,LV,2021-08-15,Yes
Pennisetum setaceum,LV,2023-07-16,Yes
Pennisetum setaceum,MT,2020-06-07,Yes
Pennisetum setaceum,MT,2024-04-14,Yes
Pennisetum setaceum,NL,2016-04-10,Yes
Pennisetum setaceum,NL,2020-03-22,Yes
Pennisetum setaceum,NL,2021-12-12,Yes
Pennisetum setaceum,NL,2022-08-14,Yes
Pennisetum setaceum,PL,2018-08-12,Yes
Pennisetum setaceum,PL,2018-09-02,Yes
Pennisetum setaceum,PL,2020-03-08,Yes
Pennisetum setaceum,PL,2022-08-21,Yes
Pennisetum setaceum,PT,2019-07-28,Yes
Pennisetum setaceum,PT,2022-08-07,Yes
Pennisetum setaceum,RO,2020-11-01,Yes
Pennisetum setaceum,RO,2024-03-31,Yes
Pennisetum setaceum,RO,2024-08-04,Yes
Pennisetum setaceum,SE,2017-07-30,Yes
Pennisetum setaceum,SE,2020-08-09,Yes
Pennisetum setaceum,SE,2021-08-22,Yes
Pennisetum setaceum,SE,2021-09-05,Yes
Pennisetum setaceum,SI,2021-04-04,Yes
Pennisetum setaceum,SI,2022-10-23,Yes
Pennisetum setaceum,SI,2024-03-17,Yes
Pennisetum setaceum,SK,2019-01-06,Yes
Pennisetum setaceum,SK,2020-10-04,Yes
Pennisetum setaceum,SK,2021-07-25,Yes
Pennisetum setaceum,SK,2022-07-31,Yes
Perccottus glenii,AT,2023-11-12,Yes
Perccottus glenii,BE,2016-04-03,Yes
Perccottus glenii,BG,2016-10-23,Yes
Perccottus glenii,BG,2020-12-20,Yes
Perccottus glenii,CY,2020-06-21,Yes
Perccottus glenii,CZ,2021-10-17,Yes
Perccottus glenii,CZ,2023-02-12,Yes
Perccottus glenii,CZ,2023-09-17,Yes
Perccottus glenii,CZ,2024-04-07,Yes
Perccottus glenii,DE,2023-01-01,Yes
Perccottus glenii,DE,2023-06-04,Yes
Perccottus glenii,DE,2024-02-18,Yes
Perccottus glenii,DK,2016-09-04,Yes
Perccottus glenii,DK,2017-06-25,Yes
Perccottus glenii,DK,2019-10-20,Yes
Perccottus glenii,DK,2021-08-22,Yes
Perccottus glenii,EE,2017-04-30,Yes
Perccottus glenii,EE,2018-05-06,Yes
Perccottus glenii,EE,2022-11-27,Yes
Perccottus glenii,ES,2021-11-14,Yes
Perccottus glenii,FI,2016-09-18,Yes
Perccottus glenii,FI,2022-09-25,Yes
Perccottus glenii,FI,2022-12-04,Yes
Perccottus glenii,FI,2023-06-11,Yes
Perccottus glenii,FR,2019-03-31,Yes
Perccottus glenii,FR,2020-08-16,Yes
Perccottus glenii,FR,2021-11-28,Yes
Perccottus glenii,FR,2024-02-25,Yes
Perccottus glenii,GB,2017-09-17,Yes
Perccottus glenii,GB,2024-03-17,Yes
Perccottus glenii,GB,2024-07-14,Yes
Perccottus glenii,GR,2016-05-08,Yes
Perccottus glenii,GR,2022-08-07,Yes
Perccottus glenii,HR,2021-06-20,Yes
Perccottus glenii,HU,2016-08-07,Yes
Perccottus glenii,HU,2018-11-04,Yes
Perccottus glenii,HU,2024-08-04,Yes
Perccottus glenii,LU,2017-09-03,Yes
Perccottus glenii,LV,2019-02-17,Yes
Perccottus glenii,LV,2023-09-24,Yes
Perccottus glenii,LV,2024-07-28,Yes
Perccottus glenii,NL,2017-07-16,Yes
Perccottus glenii,NL,2019-11-10,Yes
Perccottus glenii,NL,2020-07-19,Yes
Perccottus glenii,PL,2016-07-10,Yes
Perccottus glenii,PL,2017-07-16,Yes
Perccottus glenii,PL,2024-04-21,Yes
Perccottus glenii,PL,2024-09-15,Yes
Perccottus glenii,PT,2018-08-19,Yes
Perccottus glenii,PT,2019-04-14,Yes
Perccottus glenii,RO,2016-08-21,Yes
Perccottus glenii,RO,2022-09-18,Yes
Perccottus glenii,SE,2017-12-24,Yes
Perccottus glenii,SE,2018-06-24,Yes
Perccottus glenii,SI,2016-01-31,Yes
Perccottus glenii,SI,2016-05-01,Yes
Perccottus glenii,SI,2023-05-14,Yes
Persicaria perfoliata,BE,2020-06-21,Yes
Persicaria perfoliata,BE,2022-02-06,Yes
Persicaria perfoliata,BE,2022-10-16,Yes
Persicaria perfoliata,CY,2018-11-04,Yes
Persicaria perfoliata,CZ,2016-02-14,Yes
Persicaria perfoliata,CZ,2019-04-28,Yes
Persicaria perfoliata,CZ,2020-04-26,Yes
Persicaria perfoliata,DE,2020-04-12,Yes
Persicaria perfoliata,DK,2017-05-07,Yes
Persicaria perfoliata,DK,2020-01-19,Yes
Persicaria perfoliata,DK,2023-11-26,Yes
Persicaria perfoliata,DK,2024-08-18,Yes
Persicaria perfoliata,FI,2016-02-28,Yes
Persicaria perfoliata,FI,2020-06-28,Yes
Persicaria perfoliata,FI,2024-11-17,Yes
Persicaria perfoliata,FR,2016-09-18,Yes
Persicaria perfoliata,FR,2016-12-25,Yes
Persicaria perfoliata,FR,2019-05-26,Yes
Persicaria perfoliata,GB,2016-05-29,Yes
Persicaria perfoliata,GB,2021-03-28,Yes
Persicaria perfoliata,GB,2021-04-18,Yes
Persicaria perfoliata,GB,2021-08-22,Yes
Persicaria perfoliata,GR,2016-03-06,Yes
Persicaria perfoliata,GR,2017-07-09,Yes
Persicaria perfoliata,GR,2024-10-06,Yes
Persicaria perfoliata,GR,2024-10-20,Yes
Persicaria perfoliata,HR,2021-08-15,Yes
Persicaria perfoliata,HU,2021-03-28,Yes
Persicaria perfoliata,HU,2024-04-14,Yes
Persicaria perfoliata,IE,2017-03-05,Yes
Persicaria perfoliata,IE,2023-08-06,Yes
Persicaria perfoliata,IT,2018-09-16,Yes
Persicaria perfoliata,IT,2019-01-13,Yes
Persicaria perfoliata,LT,2022-01-02,Yes
Persicaria perfoliata,LT,2022-04-10,Yes
Persicaria perfoliata,LT,2023-12-10,Yes
Persicaria perfoliata,LU,2020-09-20,Yes
Persicaria perfoliata,LV,2020-10-25,Yes
Persicaria perfoliata,MT,2020-10-18,Yes
Persicaria perfoliata,NL,2018-08-12,Yes
Persicaria perfoliata,NL,2023-10-15,Yes
Persicaria perfoliata,NL,2024-01-07,Yes
Persicaria perfoliata,PL,2021-11-14,Yes
Persicaria perfoliata,PT,2017-04-16,Yes
Persicaria perfoliata,RO,2018-04-22,Yes
Persicaria perfoliata,RO,2018-08-05,Yes
Persicaria perfoliata,SE,2019-07-21,Yes
Persicaria perfoliata,SE,2020-10-18,Yes
Persicaria perfoliata,SE,2022-01-23,Yes
Persicaria perfoliata,SI,2024-02-04,Yes
Persicaria perfoliata,SK,2019-07-21,Yes
Persicaria perfoliata,SK,2022-04-03,Yes
Pistia stratiotes,AT,2017-02-12,Yes
Pistia stratiotes,AT,2019-07-28,Yes
Pistia stratiotes,AT,2020-08-30,Yes
Pistia stratiotes,BE,2018-06-03,Yes
Pistia stratiotes,BE,2020-09-13,Yes
Pistia stratiotes,BG,2018-12-16,Yes
Pistia stratiotes,BG,2021-05-23,Yes
Pistia stratiotes,CY,2016-06-05,Yes
Pistia stratiotes,CY,2024-11-24,Yes
Pistia stratiotes,CZ,2017-06-25,Yes
Pistia stratiotes,CZ,2017-10-01,Yes
Pistia stratiotes,CZ,2023-06-11,Yes
Pistia stratiotes,DE,2020-04-19,Yes
Pistia stratiotes,DE,2020-05-10,Yes
Pistia stratiotes,DE,2020-05-17,Yes
Pistia stratiotes,DE,2020-06-21,Yes
Pistia stratiotes,DK,2017-12-24,Yes
Pistia stratiotes,DK,2020-12-06,Yes
Pistia stratiotes,DK,2021-07-11,Yes
Pistia stratiotes,DK,2024-07-28,Yes
Pistia stratiotes,EE,2018-08-05,Yes
Pistia stratiotes,EE,2019-11-03,Yes
Pistia stratiotes,EE,2021-01-10,Yes
Pistia stratiotes,ES,2018-01-28,Yes
Pistia stratiotes,ES,2020-03-01,Yes
Pistia stratiotes,ES,2020-05-24,Yes
Pistia stratiotes,ES,2023-11-26,Yes
Pistia stratiotes,FI,2022-08-28,Yes
Pistia stratiotes,FR,2017-03-26,Yes
Pistia stratiotes,FR,2018-01-14,Yes
Pistia stratiotes,FR,2019-01-06,Yes
Pistia stratiotes,FR,2024-06-30,Yes
Pistia stratiotes,GB,2020-05-24,Yes
Pistia stratiotes,GB,2021-05-30,Yes
Pistia stratiotes,GB,2023-05-14,Yes
Pistia stratiotes,GB,2024-05-12,Yes
Pistia stratiotes,GR,2017-06-25,Yes
Pistia stratiotes,GR,2024-01-21,Yes
Pistia stratiotes,HR,2018-12-09,Yes
Pistia stratiotes,HR,2024-01-21,Yes
Pistia stratiotes,HU,2020-01-26,Yes
Pistia stratiotes,HU,2023-04-16,Yes
Pistia stratiotes,HU,2023-07-02,Yes
Pistia stratiotes,IT,2017-04-23,Yes
Pistia stratiotes,IT,2018-01-21,Yes
Pistia stratiotes,IT,2018-06-03,Yes
Pistia stratiotes,IT,2021-08-29,Yes
Pistia stratiotes,LT,2017-05-28,Yes
Pistia stratiotes,LT,2022-06-12,Yes
Pistia stratiotes,LT,2022-09-04,Yes
Pistia stratiotes,LV,2023-10-01,Yes
Pistia stratiotes,MT,2018-04-15,Yes
Pistia stratiotes,MT,2020-05-17,Yes
Pistia stratiotes,MT,2020-06-07,Yes
Pistia stratiotes,MT,2020-09-20,Yes
Pistia stratiotes,NL,2016-01-03,Yes
Pistia stratiotes,NL,2018-08-12,Yes
Pistia stratiotes,NL,2019-09-01,Yes
Pistia stratiotes,NL,2022-01-23,Yes
Pistia stratiotes,PL,2016-06-05,Yes
Pistia stratiotes,PL,2017-10-29,Yes
Pistia stratiotes,PL,2023-04-02,Yes
Pistia stratiotes,PL,2024-07-28,Yes
Pistia stratiotes,PT,2023-10-15,Yes
Pistia stratiotes,PT,2024-09-15,Yes
Pistia stratiotes,RO,2019-04-07,Yes
Pistia stratiotes,RO,2021-05-02,Yes
Pistia stratiotes,SE,2018-01-21,Yes
Pistia stratiotes,SE,2021-09-26,Yes
Pistia stratiotes,SE,2024-07-28,Yes
Pistia stratiotes,SE,2024-12-15,Yes
Pistia stratiotes,SI,2020-03-29,Yes
Pistia stratiotes,SI,2023-01-08,Yes
Pistia stratiotes,SK,2018-06-17,Yes
Pistia stratiotes,SK,2018-10-14,Yes
Pistia stratiotes,SK,2019-06-02,Yes
Pistia stratiotes,SK,2020-02-09,Yes
Plotosus lineatus,AT,2017-12-24,Yes
Plotosus lineatus,AT,2023-09-10,Yes
Plotosus lineatus,BE,2018-06-10,Yes
Plotosus lineatus,BG,2016-09-25,Yes
Plotosus lineatus,CY,2022-01-16,Yes
Plotosus lineatus,CY,2023-10-01,Yes
Plotosus lineatus,DE,2023-01-29,Yes
Plotosus lineatus,DK,2019-06-16,Yes
Plotosus lineatus,FI,2016-02-21,Yes
Plotosus lineatus,FI,2022-04-24,Yes
Plotosus lineatus,FI,2023-11-19,Yes
Plotosus lineatus,FR,2022-04-24,Yes
Plotosus lineatus,GB,2017-04-02,Yes
Plotosus lineatus,GB,2020-01-19,Yes
Plotosus lineatus,GB,2024-05-05,Yes
Plotosus lineatus,GR,2017-04-09,Yes
Plotosus lineatus,GR,2017-07-02,Yes
Plotosus lineatus,GR,2021-01-03,Yes
Plotosus lineatus,GR,2022-07-10,Yes
Plotosus lineatus,HR,2018-02-11,Yes
Plotosus lineatus,IE,2017-02-19,Yes
Plotosus lineatus,IE,2021-10-03,Yes
Plotosus lineatus,IE,2024-07-28,Yes
Plotosus lineatus,LU,2019-09-15,Yes
Plotosus lineatus,LV,2016-09-25,Yes
Plotosus lineatus,LV,2022-06-12,Yes
Plotosus lineatus,MT,2019-07-21,Yes
Plotosus lineatus,NL,2021-07-25,Yes
Plotosus lineatus,PL,2018-12-16,Yes
Plotosus lineatus,PL,2021-04-11,Yes
Plotosus lineatus,PL,2021-05-30,Yes
Plotosus lineatus,PL,2024-03-31,Yes
Plotosus lineatus,SE,2022-10-23,Yes
Plotosus lineatus,SK,2020-06-28,Yes
Pontederia crassipes,AT,2019-02-24,Yes
Pontederia crassipes,AT,2020-09-06,Yes
Pontederia crassipes,BE,2016-08-07,Yes
Pontederia crassipes,BG,2017-05-07,Yes
Pontederia crassipes,CY,2018-11-11,Yes
Pontederia crassipes,CY,2023-08-27,Yes
Pontederia crassipes,CY,2023-12-03,Yes
Pontederia crassipes,CZ,2017-10-15,Yes
Pontederia crassipes,CZ,2018-06-17,Yes
Pontederia crassipes,CZ,2022-01-02,Yes
Pontederia crassipes,CZ,2023-04-16,Yes
Pontederia crassipes,DE,2016-01-17,Yes
Pontederia crassipes,DE,2016-05-22,Yes
Pontederia crassipes,DE,2019-02-24,Yes
Pontederia crassipes,DE,2021-06-13,Yes
Pontederia crassipes,DK,2016-06-12,Yes
Pontederia crassipes,DK,2017-05-07,Yes
Pontederia crassipes,DK,2020-07-26,Yes
Pontederia crassipes,DK,2020-10-11,Yes
Pontederia crassipes,ES,2018-03-11,Yes
Pontederia crassipes,ES,2018-10-28,Yes
Pontederia crassipes,ES,2019-01-13,Yes
Pontederia crassipes,ES,2021-01-24,Yes
Pontederia crassipes,FI,2016-11-20,Yes
Pontederia crassipes,FI,2019-02-10,Yes
Pontederia crassipes,FI,2019-09-29,Yes
Pontederia crassipes,FI,2020-12-06,Yes
Pontederia crassipes,FR,2018-04-01,Yes
Pontederia crassipes,FR,2018-04-08,Yes
Pontederia crassipes,FR,2019-12-29,Yes
Pontederia crassipes,FR,2021-12-26,Yes
Pontederia crassipes,GB,2018-12-30,Yes
Pontederia crassipes,GB,2020-12-27,Yes
Pontederia crassipes,GB,2022-06-26,Yes
Pontederia crassipes,GB,2023-12-24,Yes
Pontederia crassipes,GR,2016-01-24,Yes
Pontederia crassipes,GR,2016-04-24,Yes
Pontederia crassipes,GR,2021-05-30,Yes
Pontederia crassipes,HR,2016-06-12,Yes
Pontederia crassipes,HR,2017-03-12,Yes
Pontederia crassipes,IE,2016-02-14,Yes
Pontederia crassipes,IE,2016-08-14,Yes
Pontederia crassipes,IT,2016-05-08,Yes
Pontederia crassipes,IT,2016-05-22,Yes
Pontederia crassipes,IT,2016-06-05,Yes
Pontederia crassipes,IT,2018-06-10,Yes
Pontederia crassipes,LT,2019-08-25,Yes
Pontederia crassipes,LU,2022-06-19,Yes
Pontederia crassipes,LV,2016-07-17,Yes
Pontederia crassipes,LV,2017-10-08,Yes
Pontederia crassipes,LV,2021-12-26,Yes
Pontederia crassipes,LV,2024-12-22,Yes
Pontederia crassipes,MT,2022-01-30,Yes
Pontederia crassipes,NL,2016-07-31,Yes
Pontederia crassipes,NL,2017-08-20,Yes
Pontederia crassipes,NL,2018-05-06,Yes
Pontederia crassipes,NL,2020-03-15,Yes
Pontederia crassipes,PL,2021-05-23,Yes
Pontederia crassipes,PL,2024-03-17,Yes
Pontederia crassipes,PL,2024-03-24,Yes
Pontederia crassipes,PL,2024-05-12,Yes
Pontederia crassipes,PT,2019-08-25,Yes
Pontederia crassipes,PT,2019-11-10,Yes
Pontederia crassipes,PT,2020-02-02,Yes
Pontederia crassipes,PT,2024-11-03,Yes
Pontederia crassipes,RO,2017-09-03,Yes
Pontederia crassipes,RO,2021-03-14,Yes
Pontederia crassipes,SE,2017-06-04,Yes
Pontederia crassipes,SE,2018-01-21,Yes
Pontederia crassipes,SE,2020-05-17,Yes
Pontederia crassipes,SE,2024-03-03,Yes
Pontederia crassipes,SI,2016-12-18,Yes
Pontederia crassipes,SI,2019-01-06,Yes
Pontederia crassipes,SI,2023-01-29,Yes
Pontederia crassipes,SK,2016-06-05,Yes
Procambarus clarkii,AT,2021-11-07,Yes
Procambarus clarkii,BE,2019-09-29,Yes
Procambarus clarkii,BE,2019-12-15,Yes
Procambarus clarkii,BE,2022-12-11,Yes
Procambarus clarkii,BE,2024-10-27,Yes
Procambarus clarkii,BG,2016-11-20,Yes
Procambarus clarkii,BG,2021-12-26,Yes
Procambarus clarkii,BG,2024-11-24,Yes
Procambarus clarkii,CY,2016-03-13,Yes
Procambarus clarkii,CY,2018-10-21,Yes
Procambarus clarkii,CY,2020-09-13,Yes
Procambarus clarkii,CZ,2018-01-07,Yes
Procambarus clarkii,CZ,2019-06-23,Yes
Procambarus clarkii,CZ,2019-06-30,Yes
Procambarus clarkii,CZ,2021-01-10,Yes
Procambarus clarkii,DE,2017-08-20,Yes
Procambarus clarkii,DE,2018-05-06,Yes
Procambarus clarkii,DE,2018-05-27,Yes
Procambarus clarkii,DE,2023-08-06,Yes
Procambarus clarkii,DK,2022-01-02,Yes
Procambarus clarkii,EE,2016-01-24,Yes
Procambarus clarkii,ES,2016-03-27,Yes
Procambarus clarkii,ES,2016-05-15,Yes
Procambarus clarkii,ES,2016-06-12,Yes
Procambarus clarkii,FI,2022-05-29,Yes
Procambarus clarkii,FR,2024-06-16,Yes
Procambarus clarkii,FR,2024-06-23,Yes
Procambarus clarkii,FR,2024-07-21,Yes
Procambarus clarkii,FR,2024-08-04,Yes
Procambarus clarkii,GB,2018-06-03,Yes
Procambarus clarkii,GB,2019-07-21,Yes
Procambarus clarkii,GB,2019-08-11,Yes
Procambarus clarkii,GB,2021-05-30,Yes
Procambarus clarkii,GR,2022-09-04,Yes
Procambarus clarkii,HR,2022-01-23,Yes
Procambarus clarkii,HR,2022-11-27,Yes
Procambarus clarkii,HU,2016-01-17,Yes
Procambarus clarkii,HU,2019-08-18,Yes
Procambarus clarkii,HU,2020-05-31,Yes
Procambarus clarkii,IE,2016-09-04,Yes
Procambarus clarkii,IT,2016-08-07,Yes
Procambarus clarkii,IT,2019-07-28,Yes
Procambarus clarkii,IT,2024-07-21,Yes
Procambarus clarkii,IT,2024-09-22,Yes
Procambarus clarkii,LU,2016-12-25,Yes
Procambarus clarkii,LU,2021-01-31,Yes
Procambarus clarkii,LU,2021-09-05,Yes
Procambarus clarkii,LU,2024-10-13,Yes
Procambarus clarkii,LV,2023-06-25,Yes
Procambarus clarkii,MT,2016-09-11,Yes
Procambarus clarkii,MT,2017-07-16,Yes
Procambarus clarkii,MT,2022-02-27,Yes
Procambarus clarkii,NL,2017-09-10,Yes
Procambarus clarkii,NL,2021-07-25,Yes
Procambarus clarkii,NL,2023-07-30,Yes
Procambarus clarkii,NL,2023-10-15,Yes
Procambarus clarkii,PL,2023-06-25,Yes
Procambarus clarkii,PL,2023-07-02,Yes
Procambarus clarkii,PL,2023-07-23,Yes
Procambarus clarkii,PL,2024-11-24,Yes
Procambarus clarkii,PT,2019-09-15,Yes
Procambarus clarkii,PT,2020-08-02,Yes
Procambarus clarkii,PT,2021-04-18,Yes
Procambarus clarkii,PT,2024-06-09,Yes
Procambarus clarkii,SE,2017-08-20,Yes
Procambarus clarkii,SE,2020-08-23,Yes
Procambarus clarkii,SI,2018-06-03,Yes
Procambarus clarkii,SI,2021-07-25,Yes
Procambarus clarkii,SK,2020-01-12,Yes
Procambarus clarkii,SK,2023-09-10,Yes
Procambarus clarkii,SK,2024-05-19,Yes
Procambarus clarkii,SK,2024-11-10,Yes
Procambarus virginalis,AT,2018-02-04,Yes
Procambarus virginalis,AT,2018-10-21,Yes
Procambarus virginalis,AT,2021-07-04,Yes
Procambarus virginalis,AT,2024-01-28,Yes
Procambarus virginalis,BE,2020-10-25,Yes
Procambarus virginalis,BE,2022-10-09,Yes
Procambarus virginalis,BE,2022-12-04,Yes
Procambarus virginalis,BE,2024-10-27,Yes
Procambarus virginalis,BG,2018-12-23,Yes
Procambarus virginalis,BG,2020-05-24,Yes
Procambarus virginalis,BG,2022-04-03,Yes
Procambarus virginalis,BG,2022-07-10,Yes
Procambarus virginalis,CZ,2019-12-08,Yes
Procambarus virginalis,CZ,2021-08-15,Yes
Procambarus virginalis,CZ,2023-02-05,Yes
Procambarus virginalis,CZ,2024-04-07,Yes
Procambarus virginalis,DE,2016-04-10,Yes
Procambarus virginalis,DE,2018-02-04,Yes
Procambarus virginalis,DE,2021-11-07,Yes
Procambarus virginalis,DE,2022-01-09,Yes
Procambarus virginalis,DK,2019-02-10,Yes
Procambarus virginalis,DK,2019-09-01,Yes
Procambarus virginalis,EE,2017-04-02,Yes
Procambarus virginalis,EE,2017-04-23,Yes
Procambarus virginalis,EE,2018-06-24,Yes
Procambarus virginalis,EE,2021-10-31,Yes
Procambarus virginalis,ES,2017-04-23,Yes
Procambarus virginalis,ES,2018-08-05,Yes
Procambarus virginalis,ES,2020-11-01,Yes
Procambarus virginalis,FI,2018-11-18,Yes
Procambarus virginalis,FR,2016-09-18,Yes
Procambarus virginalis,FR,2018-02-04,Yes
Procambarus virginalis,FR,2019-11-24,Yes
Procambarus virginalis,FR,2021-12-12,Yes
Procambarus virginalis,GR,2016-11-13,Yes
Procambarus virginalis,GR,2018-05-27,Yes
Procambarus virginalis,GR,2019-09-29,Yes
Procambarus virginalis,GR,2021-02-14,Yes
Procambarus virginalis,HR,2022-10-16,Yes
Procambarus virginalis,HR,2024-06-09,Yes
Procambarus virginalis,HU,2017-07-23,Yes
Procambarus virginalis,HU,2020-02-02,Yes
Procambarus virginalis,IE,2023-11-26,Yes
Procambarus virginalis,IE,2024-01-21,Yes
Procambarus virginalis,IT,2018-02-04,Yes
Procambarus virginalis,LU,2018-08-19,Yes
Procambarus virginalis,LU,2019-11-24,Yes
Procambarus virginalis,LU,2020-09-27,Yes
Procambarus virginalis,LU,2024-11-17,Yes
Procambarus virginalis,LV,2018-06-17,Yes
Procambarus virginalis,MT,2018-01-07,Yes
Procambarus virginalis,MT,2023-04-16,Yes
Procambarus virginalis,NL,2016-01-10,Yes
Procambarus virginalis,NL,2021-04-18,Yes
Procambarus virginalis,NL,2021-07-04,Yes
Procambarus virginalis,NL,2024-04-07,Yes
Procambarus virginalis,PL,2018-02-04,Yes
Procambarus virginalis,PL,2018-02-11,Yes
Procambarus virginalis,PL,2020-08-16,Yes
Procambarus virginalis,PL,2020-08-23,Yes
Procambarus virginalis,PT,2020-04-05,Yes
Procambarus virginalis,PT,2023-11-12,Yes
Procambarus virginalis,SE,2021-03-21,Yes
Procambarus virginalis,SE,2023-06-18,Yes
Procambarus virginalis,SI,2019-02-10,Yes
Procambarus virginalis,SI,2019-04-07,Yes
Procambarus virginalis,SI,2020-11-22,Yes
Procambarus virginalis,SK,2019-06-16,Yes
Procambarus virginalis,SK,2020-10-25,Yes
Procyon lotor,AT,2018-12-30,Yes
Procyon lotor,AT,2019-12-29,Yes
Procyon lotor,AT,2020-12-27,Yes
Procyon lotor,AT,2021-12-26,Yes
Procyon lotor,BE,2018-01-14,Yes
Procyon lotor,BE,2018-12-30,Yes
Procyon lotor,BE,2019-12-29,Yes
Procyon lotor,BE,2024-07-28,Yes
Procyon lotor,BG,2018-12-30,Yes
Procyon lotor,BG,2020-12-27,Yes
Procyon lotor,BG,2021-12-19,Yes
Procyon lotor,BG,2022-05-22,Yes
Procyon lotor,CY,2017-04-09,Yes
Procyon lotor,CY,2019-07-07,Yes
Procyon lotor,CY,2019-12-29,Yes
Procyon lotor,CY,2024-04-14,Yes
Procyon lotor,CZ,2018-12-30,Yes
Procyon lotor,CZ,2019-12-29,Yes
Procyon lotor,CZ,2020-12-20,Yes
Procyon lotor,CZ,2020-12-27,Yes
Procyon lotor,DE,2018-12-30,Yes
Procyon lotor,DE,2019-12-29,Yes
Procyon lotor,DE,2020-04-19,Yes
Procyon lotor,DE,2020-12-27,Yes
Procyon lotor,DK,2018-01-21,Yes
Procyon lotor,DK,2018-12-09,Yes
Procyon lotor,DK,2019-09-29,Yes
Procyon lotor,DK,2019-12-29,Yes
Procyon lotor,EE,2019-12-29,Yes
Procyon lotor,EE,2022-01-16,Yes
Procyon lotor,EE,2022-01-23,Yes
Procyon lotor,EE,2024-04-14,Yes
Procyon lotor,ES,2016-11-27,Yes
Procyon lotor,ES,2019-12-22,Yes
Procyon lotor,ES,2019-12-29,Yes
Procyon lotor,ES,2020-01-26,Yes
Procyon lotor,FI,2018-12-30,Yes
Procyon lotor,FI,2019-12-29,Yes
Procyon lotor,FI,2020-01-12,Yes
Procyon lotor,FI,2023-06-25,Yes
Procyon lotor,FR,2018-11-25,Yes
Procyon lotor,FR,2018-12-23,Yes
Procyon lotor,FR,2018-12-30,Yes
Procyon lotor,FR,2019-12-29,Yes
Procyon lotor,GB,2018-06-10,Yes
Procyon lotor,GB,2018-12-30,Yes
Procyon lotor,GB,2019-05-26,Yes
Procyon lotor,GB,2019-12-29,Yes
Procyon lotor,GR,2018-12-30,Yes
Procyon lotor,GR,2019-12-29,Yes
Procyon lotor,GR,2020-12-27,Yes
Procyon lotor,GR,2024-04-14,Yes
Procyon lotor,HR,2016-10-23,Yes
Procyon lotor,HR,2019-12-29,Yes
Procyon lotor,HR,2021-04-25,Yes
Procyon lotor,HR,2021-12-26,Yes
Procyon lotor,HU,2018-02-04,Yes
Procyon lotor,HU,2018-12-30,Yes
Procyon lotor,HU,2019-12-29,Yes
Procyon lotor,HU,2020-12-27,Yes
Procyon lotor,IE,2018-06-10,Yes
Procyon lotor,IE,2018-12-30,Yes
Procyon lotor,IE,2019-12-29,Yes
Procyon lotor,IE,2020-12-27,Yes
Procyon lotor,IT,2018-01-28,Yes
Procyon lotor,IT,2018-12-30,Yes
Procyon lotor,IT,2019-12-29,Yes
Procyon lotor,IT,2020-12-27,Yes
Procyon lotor,LT,2016-08-28,Yes
Procyon lotor,LT,2019-12-29,Yes
Procyon lotor,LT,2020-01-12,Yes
Procyon lotor,LT,2020-01-19,Yes
Procyon lotor,LU,2018-04-01,Yes
Procyon lotor,LU,2018-12-30,Yes
Procyon lotor,LU,2020-12-27,Yes
Procyon lotor,LU,2021-07-18,Yes
Procyon lotor,LV,2016-01-03,Yes
Procyon lotor,LV,2019-12-29,Yes
Procyon lotor,LV,2020-11-08,Yes
Procyon lotor,LV,2024-04-14,Yes
Procyon lotor,MT,2019-11-03,Yes
Procyon lotor,MT,2021-01-31,Yes
Procyon lotor,MT,2023-12-03,Yes
Procyon lotor,MT,2024-04-28,Yes
Procyon lotor,NL,2019-12-29,Yes
Procyon lotor,NL,2021-04-04,Yes
Procyon lotor,NL,2024-04-07,Yes
Procyon lotor,NL,2024-04-14,Yes
Procyon lotor,PL,2018-12-30,Yes
Procyon lotor,PL,2019-12-29,Yes
Procyon lotor,PL,2020-12-27,Yes
Procyon lotor,PL,2024-04-14,Yes
Procyon lotor,PT,2018-12-30,Yes
Procyon lotor,PT,2019-04-21,Yes
Procyon lotor,PT,2019-12-29,Yes
Procyon lotor,PT,2020-12-27,Yes
Procyon lotor,RO,2017-08-27,Yes
Procyon lotor,RO,2020-12-27,Yes
Procyon lotor,RO,2021-12-26,Yes
Procyon lotor,RO,2024-04-14,Yes
Procyon lotor,SE,2016-09-11,Yes
Procyon lotor,SE,2018-01-14,Yes
Procyon lotor,SE,2018-12-30,Yes
Procyon lotor,SE,2019-12-29,Yes
Procyon lotor,SI,2016-11-06,Yes
Procyon lotor,SI,2017-08-20,Yes
Procyon lotor,SI,2017-12-24,Yes
Procyon lotor,SI,2021-12-26,Yes
Procyon lotor,SK,2018-12-30,Yes
Procyon lotor,SK,2019-12-29,Yes
Procyon lotor,SK,2020-12-27,Yes
Procyon lotor,SK,2021-12-26,Yes
Prosopis juliflora,AT,2017-04-30,Yes
Prosopis juliflora,BE,2018-05-13,Yes
Prosopis juliflora,BE,2022-04-10,Yes
Prosopis juliflora,BE,2023-03-05,Yes
Prosopis juliflora,BE,2024-12-15,Yes
Prosopis juliflora,CY,2018-07-08,Yes
Prosopis juliflora,CZ,2021-03-14,Yes
Prosopis juliflora,DK,2019-03-03,Yes
Prosopis juliflora,ES,2018-10-28,Yes
Prosopis juliflora,ES,2021-02-21,Yes
Prosopis juliflora,ES,2023-04-09,Yes
Prosopis juliflora,FI,2017-07-16,Yes
Prosopis juliflora,FR,2021-02-28,Yes
Prosopis juliflora,GR,2016-01-10,Yes
Prosopis juliflora,GR,2020-02-23,Yes
Prosopis juliflora,HR,2024-05-05,Yes
Prosopis juliflora,HU,2022-06-12,Yes
Prosopis juliflora,HU,2024-09-08,Yes
Prosopis juliflora,IE,2023-03-26,Yes
Prosopis juliflora,LT,2017-12-03,Yes
Prosopis juliflora,LU,2017-11-05,Yes
Prosopis juliflora,LU,2022-04-24,Yes
Prosopis juliflora,LV,2023-11-19,Yes
Prosopis juliflora,MT,2019-06-23,Yes
Prosopis juliflora,MT,2019-11-17,Yes
Prosopis juliflora,NL,2021-08-29,Yes
Prosopis juliflora,NL,2023-05-07,Yes
Prosopis juliflora,PL,2017-09-03,Yes
Prosopis juliflora,PL,2018-11-11,Yes
Prosopis juliflora,PL,2024-03-24,Yes
Prosopis juliflora,PT,2017-11-26,Yes
Prosopis juliflora,PT,2021-05-30,Yes
Prosopis juliflora,PT,2021-06-20,Yes
Prosopis juliflora,PT,2024-10-06,Yes
Prosopis juliflora,RO,2023-08-06,Yes
Prosopis juliflora,SE,2023-05-28,Yes
Prosopis juliflora,SI,2016-03-06,Yes
Prosopis juliflora,SI,2024-11-24,Yes
Prosopis juliflora,SK,2017-01-08,Yes
Prosopis juliflora,SK,2022-09-11,Yes
Prosopis juliflora,SK,2022-09-25,Yes
Pseudorasbora parva,AT,2016-08-28,Yes
Pseudorasbora parva,AT,2017-07-23,Yes
Pseudorasbora parva,AT,2019-07-28,Yes
Pseudorasbora parva,AT,2019-08-04,Yes
Pseudorasbora parva,BE,2021-08-15,Yes
Pseudorasbora parva,BE,2022-02-13,Yes
Pseudorasbora parva,BG,2018-01-21,Yes
Pseudorasbora parva,BG,2019-06-16,Yes
Pseudorasbora parva,BG,2023-08-06,Yes
Pseudorasbora parva,CY,2015-12-27,Yes
Pseudorasbora parva,CY,2020-02-23,Yes
Pseudorasbora parva,CZ,2018-10-28,Yes
Pseudorasbora parva,CZ,2021-05-30,Yes
Pseudorasbora parva,DE,2019-06-16,Yes
Pseudorasbora parva,DE,2019-10-27,Yes
Pseudorasbora parva,DE,2021-05-30,Yes
Pseudorasbora parva,DE,2022-04-10,Yes
Pseudorasbora parva,DK,2016-11-13,Yes
Pseudorasbora parva,DK,2020-08-02,Yes
Pseudorasbora parva,EE,2016-01-17,Yes
Pseudorasbora parva,ES,2021-01-24,Yes
Pseudorasbora parva,FI,2017-04-16,Yes
Pseudorasbora parva,FI,2020-07-19,Yes
Pseudorasbora parva,FI,2023-07-23,Yes
Pseudorasbora parva,FR,2017-03-19,Yes
Pseudorasbora parva,FR,2019-06-02,Yes
Pseudorasbora parva,FR,2024-04-21,Yes
Pseudorasbora parva,GB,2021-11-14,Yes
Pseudorasbora parva,GB,2023-10-22,Yes
Pseudorasbora parva,GB,2024-02-25,Yes
Pseudorasbora parva,GR,2018-02-11,Yes
Pseudorasbora parva,HR,2020-01-19,Yes
Pseudorasbora parva,HU,2019-06-09,Yes
Pseudorasbora parva,HU,2019-08-04,Yes
Pseudorasbora parva,HU,2019-09-01,Yes
Pseudorasbora parva,HU,2022-01-16,Yes
Pseudorasbora parva,IE,2019-12-01,Yes
Pseudorasbora parva,IT,2017-09-03,Yes
Pseudorasbora parva,IT,2022-09-11,Yes
Pseudorasbora parva,LT,2016-03-20,Yes
Pseudorasbora parva,LT,2024-12-08,Yes
Pseudorasbora parva,LU,2021-09-05,Yes
Pseudorasbora parva,LU,2022-12-11,Yes
Pseudorasbora parva,LU,2024-01-21,Yes
Pseudorasbora parva,LV,2021-02-28,Yes
Pseudorasbora parva,MT,2017-08-06,Yes
Pseudorasbora parva,MT,2019-08-25,Yes
Pseudorasbora parva,MT,2021-07-04,Yes
Pseudorasbora parva,NL,2016-06-05,Yes
Pseudorasbora parva,NL,2016-06-19,Yes
Pseudorasbora parva,NL,2016-07-24,Yes
Pseudorasbora parva,NL,2019-07-07,Yes
Pseudorasbora parva,PL,2022-11-13,Yes
Pseudorasbora parva,PL,2024-07-21,Yes
Pseudorasbora parva,PL,2024-10-27,Yes
Pseudorasbora parva,PL,2024-12-01,Yes
Pseudorasbora parva,PT,2020-12-20,Yes
Pseudorasbora parva,RO,2017-10-29,Yes
Pseudorasbora parva,RO,2023-04-02,Yes
Pseudorasbora parva,SE,2021-01-10,Yes
Pseudorasbora parva,SI,2018-07-15,Yes
Pseudorasbora parva,SI,2019-01-13,Yes
Pseudorasbora parva,SI,2023-10-01,Yes
Pseudorasbora parva,SK,2017-05-28,Yes
Pseudorasbora parva,SK,2017-06-25,Yes
Pseudorasbora parva,SK,2017-07-09,Yes
Pseudorasbora parva,SK,2019-06-16,Yes
Pueraria montana,AT,2018-04-08,Yes
Pueraria montana,AT,2018-04-15,Yes
Pueraria montana,AT,2018-09-30,Yes
Pueraria montana,AT,2018-12-30,Yes
Pueraria montana,BE,2016-08-21,Yes
Pueraria montana,BE,2019-05-12,Yes
Pueraria montana,BE,2022-04-24,Yes
Pueraria montana,BE,2024-01-14,Yes
Pueraria montana,CY,2017-02-05,Yes
Pueraria montana,CY,2023-04-02,Yes
Pueraria montana,CZ,2016-04-17,Yes
Pueraria montana,CZ,2017-01-08,Yes
Pueraria montana,CZ,2017-08-06,Yes
Pueraria montana,DE,2016-11-20,Yes
Pueraria montana,DE,2018-04-01,Yes
Pueraria montana,DE,2018-12-30,Yes
Pueraria montana,DE,2019-03-03,Yes
Pueraria montana,DK,2018-06-03,Yes
Pueraria montana,DK,2022-08-21,Yes
Pueraria montana,EE,2016-01-24,Yes
Pueraria montana,EE,2016-04-24,Yes
Pueraria montana,EE,2016-10-23,Yes
Pueraria montana,ES,2016-11-06,Yes
Pueraria montana,ES,2016-11-27,Yes
Pueraria montana,ES,2016-12-04,Yes
Pueraria montana,ES,2016-12-25,Yes
Pueraria montana,FR,2016-11-06,Yes
Pueraria montana,FR,2017-03-05,Yes
Pueraria montana,FR,2019-12-29,Yes
Pueraria montana,FR,2020-01-26,Yes
Pueraria montana,GB,2018-04-08,Yes
Pueraria montana,GB,2018-04-15,Yes
Pueraria montana,GB,2021-05-16,Yes
Pueraria montana,GB,2022-07-31,Yes
Pueraria montana,GR,2019-12-15,Yes
Pueraria montana,GR,2020-03-22,Yes
Pueraria montana,GR,2020-08-23,Yes
Pueraria montana,HR,2016-02-14,Yes
Pueraria montana,HR,2021-12-26,Yes
Pueraria montana,HU,2023-03-26,Yes
Pueraria montana,IE,2020-05-10,Yes
Pueraria montana,IE,2021-09-26,Yes
Pueraria montana,IE,2022-10-30,Yes
Pueraria montana,IE,2023-01-22,Yes
Pueraria montana,IT,2021-12-26,Yes
Pueraria montana,IT,2023-01-08,Yes
Pueraria montana,IT,2023-01-15,Yes
Pueraria montana,IT,2023-01-22,Yes
Pueraria montana,LT,2022-06-12,Yes
Pueraria montana,LT,2024-06-16,Yes
Pueraria montana,LU,2020-12-06,Yes
Pueraria montana,LU,2021-12-19,Yes
Pueraria montana,LU,2024-01-07,Yes
Pueraria montana,LV,2018-09-02,Yes
Pueraria montana,MT,2021-02-14,Yes
Pueraria montana,MT,2023-12-10,Yes
Pueraria montana,NL,2016-12-11,Yes
Pueraria montana,NL,2018-04-01,Yes
Pueraria montana,PL,2019-09-01,Yes
Pueraria montana,PL,2022-05-01,Yes
Pueraria montana,PL,2022-06-12,Yes
Pueraria montana,PL,2022-07-10,Yes
Pueraria montana,PT,2016-06-12,Yes
Pueraria montana,RO,2021-05-30,Yes
Pueraria montana,RO,2023-03-26,Yes
Pueraria montana,RO,2023-04-02,Yes
Pueraria montana,SE,2022-01-30,Yes
Pueraria montana,SI,2019-04-14,Yes
Pueraria montana,SK,2016-10-16,Yes
Pueraria montana,SK,2018-10-28,Yes
Pueraria montana,SK,2021-03-21,Yes
Pycnonotus cafer,AT,2016-09-25,Yes
Pycnonotus cafer,AT,2021-12-26,Yes
Pycnonotus cafer,AT,2023-04-30,Yes
Pycnonotus cafer,BE,2016-07-03,Yes
Pycnonotus cafer,BE,2022-08-28,Yes
Pycnonotus cafer,BG,2017-09-17,Yes
Pycnonotus cafer,BG,2020-02-09,Yes
Pycnonotus cafer,BG,2021-05-16,Yes
Pycnonotus cafer,BG,2022-11-20,Yes
Pycnonotus cafer,CY,2020-11-08,Yes
Pycnonotus cafer,CZ,2016-10-30,Yes
Pycnonotus cafer,CZ,2016-11-27,Yes
Pycnonotus cafer,CZ,2018-01-28,Yes
Pycnonotus cafer,CZ,2023-12-24,Yes
Pycnonotus cafer,DE,2022-11-27,Yes
Pycnonotus cafer,DK,2020-04-26,Yes
Pycnonotus cafer,DK,2023-09-10,Yes
Pycnonotus cafer,EE,2019-08-04,Yes
Pycnonotus cafer,EE,2020-03-08,Yes
Pycnonotus cafer,ES,2016-10-02,Yes
Pycnonotus cafer,ES,2022-12-18,Yes
Pycnonotus cafer,FR,2019-11-17,Yes
Pycnonotus cafer,GB,2020-10-04,Yes
Pycnonotus cafer,GB,2021-01-17,Yes
Pycnonotus cafer,GB,2024-05-05,Yes
Pycnonotus cafer,GB,2024-10-06,Yes
Pycnonotus cafer,GR,2018-12-30,Yes
Pycnonotus cafer,GR,2022-06-12,Yes
Pycnonotus cafer,GR,2023-12-31,Yes
Pycnonotus cafer,HU,2021-02-14,Yes
Pycnonotus cafer,HU,2022-03-13,Yes
Pycnonotus cafer,IE,2018-06-03,Yes
Pycnonotus cafer,IE,2022-01-23,Yes
Pycnonotus cafer,IT,2018-08-12,Yes
Pycnonotus cafer,IT,2023-03-19,Yes
Pycnonotus cafer,IT,2023-06-25,Yes
Pycnonotus cafer,IT,2023-10-01,Yes
Pycnonotus cafer,LT,2024-03-17,Yes
Pycnonotus cafer,LU,2018-07-15,Yes
Pycnonotus cafer,LU,2024-05-26,Yes
Pycnonotus cafer,MT,2016-08-28,Yes
Pycnonotus cafer,NL,2022-07-03,Yes
Pycnonotus cafer,NL,2022-07-31,Yes
Pycnonotus cafer,NL,2022-08-21,Yes
Pycnonotus cafer,PT,2018-08-05,Yes
Pycnonotus cafer,RO,2020-12-13,Yes
Pycnonotus cafer,SE,2018-06-24,Yes
Pycnonotus cafer,SE,2018-10-14,Yes
Pycnonotus cafer,SE,2022-07-31,Yes
Pycnonotus cafer,SI,2019-12-22,Yes
Pycnonotus cafer,SI,2024-04-28,Yes
Pycnonotus cafer,SK,2018-06-03,Yes
Pycnonotus cafer,SK,2019-05-12,Yes
Pycnonotus cafer,SK,2023-04-23,Yes
Pycnonotus cafer,SK,2024-03-03,Yes
Rugulopteryx okamurae,AT,2016-05-29,Yes
Rugulopteryx okamurae,BE,2016-06-19,Yes
Rugulopteryx okamurae,BE,2022-12-04,Yes
Rugulopteryx okamurae,CZ,2018-12-02,Yes
Rugulopteryx okamurae,CZ,2024-07-07,Yes
Rugulopteryx okamurae,DE,2017-12-17,Yes
Rugulopteryx okamurae,DE,2023-01-22,Yes
Rugulopteryx okamurae,DK,2016-10-02,Yes
Rugulopteryx okamurae,DK,2024-06-16,Yes
Rugulopteryx okamurae,ES,2019-08-18,Yes
Rugulopteryx okamurae,ES,2019-09-01,Yes
Rugulopteryx okamurae,ES,2022-07-31,Yes
Rugulopteryx okamurae,ES,2024-06-09,Yes
Rugulopteryx okamurae,FR,2016-05-22,Yes
Rugulopteryx okamurae,FR,2020-03-15,Yes
Rugulopteryx okamurae,FR,2023-07-30,Yes
Rugulopteryx okamurae,GB,2023-07-02,Yes
Rugulopteryx okamurae,GR,2017-03-12,Yes
Rugulopteryx okamurae,GR,2022-07-10,Yes
Rugulopteryx okamurae,HR,2022-06-26,Yes
Rugulopteryx okamurae,HR,2024-12-22,Yes
Rugulopteryx okamurae,HU,2016-10-02,Yes
Rugulopteryx okamurae,HU,2023-06-25,Yes
Rugulopteryx okamurae,IE,2018-10-07,Yes
Rugulopteryx okamurae,IT,2017-02-05,Yes
Rugulopteryx okamurae,IT,2018-04-22,Yes
Rugulopteryx okamurae,LT,2019-08-11,Yes
Rugulopteryx okamurae,LT,2019-12-08,Yes
Rugulopteryx okamurae,LT,2023-03-05,Yes
Rugulopteryx okamurae,LU,2018-02-18,Yes
Rugulopteryx okamurae,LU,2023-03-26,Yes
Rugulopteryx okamurae,MT,2016-03-27,Yes
Rugulopteryx okamurae,PL,2020-08-30,Yes
Rugulopteryx okamurae,PT,2016-01-31,Yes
Rugulopteryx okamurae,PT,2017-10-15,Yes
Rugulopteryx okamurae,PT,2020-10-18,Yes
Rugulopteryx okamurae,PT,2023-06-25,Yes
Rugulopteryx okamurae,RO,2024-08-04,Yes
Rugulopteryx okamurae,SE,2018-07-01,Yes
Rugulopteryx okamurae,SE,2021-09-19,Yes
Rugulopteryx okamurae,SE,2024-09-01,Yes
Rugulopteryx okamurae,SK,2022-08-21,Yes
Rugulopteryx okamurae,SK,2024-07-07,Yes
Salvinia molesta,AT,2016-07-17,Yes
Salvinia molesta,AT,2023-04-09,Yes
Salvinia molesta,BG,2016-04-17,Yes
Salvinia molesta,BG,2020-04-12,Yes
Salvinia molesta,CY,2022-01-23,Yes
Salvinia molesta,CZ,2016-01-24,Yes
Salvinia molesta,CZ,2016-04-24,Yes
Salvinia molesta,DE,2017-06-04,Yes
Salvinia molesta,DK,2020-12-06,Yes
Salvinia molesta,EE,2020-09-13,Yes
Salvinia molesta,ES,2024-02-04,Yes
Salvinia molesta,FI,2018-07-01,Yes
Salvinia molesta,FI,2020-12-27,Yes
Salvinia molesta,FI,2022-03-27,Yes
Salvinia molesta,FI,2023-11-12,Yes
Salvinia molesta,FR,2019-05-05,Yes
Salvinia molesta,FR,2020-05-10,Yes
Salvinia molesta,FR,2024-07-07,Yes
Salvinia molesta,GB,2019-11-24,Yes
Salvinia molesta,GB,2020-03-15,Yes
Salvinia molesta,GB,2021-05-02,Yes
Salvinia molesta,GR,2017-06-18,Yes
Salvinia molesta,GR,2019-06-09,Yes
Salvinia molesta,GR,2024-02-04,Yes
Salvinia molesta,HR,2018-06-03,Yes
Salvinia molesta,HR,2020-08-23,Yes
Salvinia molesta,HR,2022-12-18,Yes
Salvinia molesta,IE,2024-01-21,Yes
Salvinia molesta,LT,2020-05-10,Yes
Salvinia molesta,LU,2017-07-09,Yes
Salvinia molesta,LU,2020-07-26,Yes
Salvinia molesta,LV,2018-09-09,Yes
Salvinia molesta,MT,2020-08-09,Yes
Salvinia molesta,MT,2020-11-08,Yes
Salvinia molesta,MT,2022-04-10,Yes
Salvinia molesta,MT,2024-06-23,Yes
Salvinia molesta,NL,2016-07-10,Yes
Salvinia molesta,NL,2018-06-17,Yes
Salvinia molesta,PL,2017-01-15,Yes
Salvinia molesta,PL,2019-02-10,Yes
Salvinia molesta,PT,2016-06-12,Yes
Salvinia molesta,RO,2017-04-23,Yes
Salvinia molesta,RO,2020-06-21,Yes
Salvinia molesta,RO,2021-03-21,Yes
Salvinia molesta,RO,2022-01-16,Yes
Salvinia molesta,SE,2016-02-21,Yes
Salvinia molesta,SE,2024-11-10,Yes
Salvinia molesta,SI,2020-12-13,Yes
Sciurus carolinensis,AT,2019-03-10,Yes
Sciurus carolinensis,AT,2019-04-07,Yes
Sciurus carolinensis,BE,2021-03-21,Yes
Sciurus carolinensis,BG,2019-05-05,Yes
Sciurus carolinensis,BG,2019-09-29,Yes
Sciurus carolinensis,BG,2024-04-14,Yes
Sciurus carolinensis,CY,2022-10-02,Yes
Sciurus carolinensis,CY,2023-08-13,Yes
Sciurus carolinensis,CZ,2020-12-27,Yes
Sciurus carolinensis,CZ,2023-04-09,Yes
Sciurus carolinensis,DE,2016-05-08,Yes
Sciurus carolinensis,DE,2017-06-25,Yes
Sciurus carolinensis,DE,2018-12-02,Yes
Sciurus carolinensis,DE,2020-11-29,Yes
Sciurus carolinensis,DK,2018-12-02,Yes
Sciurus carolinensis,DK,2022-11-20,Yes
Sciurus carolinensis,DK,2023-01-15,Yes
Sciurus carolinensis,ES,2024-05-26,Yes
Sciurus carolinensis,ES,2024-06-09,Yes
Sciurus carolinensis,FI,2016-02-07,Yes
Sciurus carolinensis,FI,2016-08-21,Yes
Sciurus carolinensis,FI,2023-01-08,Yes
Sciurus carolinensis,FI,2023-09-03,Yes
Sciurus carolinensis,FR,2016-08-14,Yes
Sciurus carolinensis,FR,2017-10-15,Yes
Sciurus carolinensis,FR,2017-12-24,Yes
Sciurus carolinensis,FR,2018-02-11,Yes
Sciurus carolinensis,GB,2018-12-30,Yes
Sciurus carolinensis,GB,2021-11-14,Yes
Sciurus carolinensis,GB,2021-12-26,Yes
Sciurus carolinensis,GB,2022-07-10,Yes
Sciurus carolinensis,GR,2016-09-18,Yes
Sciurus carolinensis,GR,2017-07-09,Yes
Sciurus carolinensis,GR,2022-12-04,Yes
Sciurus carolinensis,HR,2016-05-01,Yes
Sciurus carolinensis,HU,2016-06-05,Yes
Sciurus carolinensis,HU,2016-12-04,Yes
Sciurus carolinensis,HU,2019-11-10,Yes
Sciurus carolinensis,IE,2017-02-05,Yes
Sciurus carolinensis,IE,2017-10-01,Yes
Sciurus carolinensis,IE,2022-07-10,Yes
Sciurus carolinensis,IE,2024-06-02,Yes
Sciurus carolinensis,IT,2017-08-20,Yes
Sciurus carolinensis,IT,2019-09-22,Yes
Sciurus carolinensis,IT,2021-10-10,Yes
Sciurus carolinensis,IT,2021-10-17,Yes
Sciurus carolinensis,LU,2018-08-19,Yes
Sciurus carolinensis,LU,2021-11-07,Yes
Sciurus carolinensis,LV,2017-01-22,Yes
Sciurus carolinensis,MT,2016-07-24,Yes
Sciurus carolinensis,MT,2019-06-30,Yes
Sciurus carolinensis,MT,2021-11-21,Yes
Sciurus carolinensis,NL,2016-11-06,Yes
Sciurus carolinensis,NL,2021-03-28,Yes
Sciurus carolinensis,PL,2017-06-11,Yes
Sciurus carolinensis,PL,2021-09-12,Yes
Sciurus carolinensis,PL,2022-08-21,Yes
Sciurus carolinensis,PL,2023-01-15,Yes
Sciurus carolinensis,RO,2016-01-03,Yes
Sciurus carolinensis,RO,2021-06-20,Yes
Sciurus carolinensis,SE,2016-11-20,Yes
Sciurus carolinensis,SE,2019-12-22,Yes
Sciurus carolinensis,SE,2023-06-11,Yes
Sciurus carolinensis,SI,2018-12-16,Yes
Sciurus carolinensis,SI,2022-06-26,Yes
Sciurus carolinensis,SI,2022-09-11,Yes
Sciurus carolinensis,SI,2023-06-25,Yes
Sciurus carolinensis,SK,2016-02-07,Yes
Sciurus carolinensis,SK,2016-09-11,Yes
Sciurus carolinensis,SK,2018-03-11,Yes
Sciurus carolinensis,SK,2024-09-15,Yes
Sciurus niger,AT,2018-09-16,Yes
Sciurus niger,AT,2021-02-28,Yes
Sciurus niger,AT,2021-08-29,Yes
Sciurus niger,BE,2016-06-05,Yes
Sciurus niger,BE,2018-06-03,Yes
Sciurus niger,BE,2019-06-30,Yes
Sciurus niger,BG,2021-03-21,Yes
Sciurus niger,BG,2021-03-28,Yes
Sciurus niger,CY,2020-05-24,Yes
Sciurus niger,CY,2022-07-10,Yes
Sciurus niger,CY,2024-08-11,Yes
Sciurus niger,CZ,2022-08-07,Yes
Sciurus niger,DE,2017-12-17,Yes
Sciurus niger,DE,2018-09-30,Yes
Sciurus niger,DE,2019-04-14,Yes
Sciurus niger,DE,2022-11-20,Yes
Sciurus niger,ES,2015-12-27,Yes
Sciurus niger,ES,2016-03-27,Yes
Sciurus niger,FI,2018-04-22,Yes
Sciurus niger,FI,2024-03-03,Yes
Sciurus niger,FR,2023-10-22,Yes
Sciurus niger,FR,2024-05-12,Yes
Sciurus niger,GB,2020-06-14,Yes
Sciurus niger,GB,2021-02-28,Yes
Sciurus niger,GB,2021-03-07,Yes
Sciurus niger,GB,2024-06-09,Yes
Sciurus niger,HR,2016-08-14,Yes
Sciurus niger,HR,2018-02-18,Yes
Sciurus niger,HU,2021-11-14,Yes
Sciurus niger,IE,2016-05-29,Yes
Sciurus niger,IE,2020-01-26,Yes
Sciurus niger,IT,2019-03-17,Yes
Sciurus niger,IT,2021-09-12,Yes
Sciurus niger,IT,2022-02-27,Yes
Sciurus niger,IT,2022-03-27,Yes
Sciurus niger,LT,2020-09-13,Yes
Sciurus niger,LU,2017-09-24,Yes
Sciurus niger,LV,2018-07-01,Yes
Sciurus niger,LV,2020-03-01,Yes
Sciurus niger,LV,2022-04-03,Yes
Sciurus niger,MT,2021-01-17,Yes
Sciurus niger,PL,2019-01-06,Yes
Sciurus niger,PL,2019-09-01,Yes
Sciurus niger,PL,2020-12-27,Yes
Sciurus niger,PL,2022-07-31,Yes
Sciurus niger,PT,2017-07-30,Yes
Sciurus niger,RO,2016-01-24,Yes
Sciurus niger,RO,2017-10-08,Yes
Sciurus niger,RO,2020-06-14,Yes
Sciurus niger,SE,2017-05-28,Yes
Sciurus niger,SE,2018-05-06,Yes
Sciurus niger,SE,2019-12-22,Yes
Sciurus niger,SE,2023-04-23,Yes
Sciurus niger,SK,2024-03-10,Yes
Solenopsis geminata,AT,2016-12-25,Yes
Solenopsis geminata,BE,2023-06-25,Yes
Solenopsis geminata,BG,2016-06-26,Yes
Solenopsis geminata,BG,2018-06-17,Yes
Solenopsis geminata,BG,2020-10-04,Yes
Solenopsis geminata,CY,2019-03-03,Yes
Solenopsis geminata,CZ,2021-03-28,Yes
Solenopsis geminata,DE,2018-12-16,Yes
Solenopsis geminata,DK,2019-10-27,Yes
Solenopsis geminata,DK,2021-12-19,Yes
Solenopsis geminata,ES,2021-07-11,Yes
Solenopsis geminata,ES,2024-03-31,Yes
Solenopsis geminata,FI,2020-03-08,Yes
Solenopsis geminata,FI,2020-06-07,Yes
Solenopsis geminata,FI,2020-10-25,Yes
Solenopsis geminata,GB,2016-02-21,Yes
Solenopsis geminata,GB,2019-10-20,Yes
Solenopsis geminata,GB,2024-11-10,Yes
Solenopsis geminata,GR,2022-07-24,Yes
Solenopsis geminata,HR,2016-01-03,Yes
Solenopsis geminata,HR,2020-04-12,Yes
Solenopsis geminata,HR,2024-03-17,Yes
Solenopsis geminata,HU,2016-11-06,Yes
Solenopsis geminata,HU,2019-05-05,Yes
Solenopsis geminata,IE,2022-05-22,Yes
Solenopsis geminata,LT,2016-04-03,Yes
Solenopsis geminata,LT,2017-04-23,Yes
Solenopsis geminata,LU,2020-06-14,Yes
Solenopsis geminata,LU,2022-08-07,Yes
Solenopsis geminata,LU,2022-09-18,Yes
Solenopsis geminata,LU,2024-11-17,Yes
Solenopsis geminata,LV,2017-03-26,Yes
Solenopsis geminata,MT,2019-03-17,Yes
Solenopsis geminata,PL,2018-04-08,Yes
Solenopsis geminata,PT,2017-04-16,Yes
Solenopsis geminata,PT,2020-02-23,Yes
Solenopsis geminata,PT,2023-06-25,Yes
Solenopsis geminata,RO,2017-10-15,Yes
Solenopsis geminata,SE,2020-09-13,Yes
Solenopsis geminata,SI,2018-01-21,Yes
Solenopsis invicta,AT,2016-08-21,Yes
Solenopsis invicta,AT,2023-09-10,Yes
Solenopsis invicta,BE,2016-04-24,Yes
Solenopsis invicta,BE,2023-09-10,Yes
Solenopsis invicta,BE,2023-10-01,Yes
Solenopsis invicta,BE,2024-07-14,Yes
Solenopsis invicta,BG,2020-11-08,Yes
Solenopsis invicta,BG,2022-08-07,Yes
Solenopsis invicta,BG,2024-02-04,Yes
Solenopsis invicta,BG,2024-07-14,Yes
Solenopsis invicta,CY,2024-08-04,Yes
Solenopsis invicta,CZ,2019-04-07,Yes
Solenopsis invicta,CZ,2023-09-10,Yes
Solenopsis invicta,DE,2018-12-30,Yes
Solenopsis invicta,DE,2019-06-02,Yes
Solenopsis invicta,DE,2021-04-25,Yes
Solenopsis invicta,DE,2023-09-10,Yes
Solenopsis invicta,DK,2018-10-28,Yes
Solenopsis invicta,DK,2019-05-19,Yes
Solenopsis invicta,DK,2024-04-21,Yes
Solenopsis invicta,EE,2021-10-31,Yes
Solenopsis invicta,EE,2023-01-01,Yes
Solenopsis invicta,ES,2017-07-02,Yes
Solenopsis invicta,ES,2019-07-14,Yes
Solenopsis invicta,ES,2023-09-10,Yes
Solenopsis invicta,ES,2023-09-17,Yes
Solenopsis invicta,FI,2015-12-27,Yes
Solenopsis invicta,FI,2017-08-27,Yes
Solenopsis invicta,FI,2021-10-10,Yes
Solenopsis invicta,FI,2023-09-10,Yes
Solenopsis invicta,FR,2017-08-27,Yes
Solenopsis invicta,FR,2023-09-10,Yes
Solenopsis invicta,FR,2023-09-17,Yes
Solenopsis invicta,FR,2023-09-24,Yes
Solenopsis invicta,GB,2017-06-18,Yes
Solenopsis invicta,GB,2019-04-28,Yes
Solenopsis invicta,GB,2020-07-26,Yes
Solenopsis invicta,GB,2023-09-10,Yes
Solenopsis invicta,HR,2016-08-21,Yes
Solenopsis invicta,HR,2020-03-29,Yes
Solenopsis invicta,HU,2022-02-06,Yes
Solenopsis invicta,IE,2023-09-10,Yes
Solenopsis invicta,IT,2023-09-10,Yes
Solenopsis invicta,IT,2023-09-17,Yes
Solenopsis invicta,IT,2024-05-19,Yes
Solenopsis invicta,IT,2024-08-18,Yes
Solenopsis invicta,LU,2016-05-15,Yes
Solenopsis invicta,LU,2021-03-21,Yes
Solenopsis invicta,MT,2018-07-22,Yes
Solenopsis invicta,MT,2022-05-29,Yes
Solenopsis invicta,MT,2023-06-25,Yes
Solenopsis invicta,MT,2024-09-22,Yes
Solenopsis invicta,NL,2023-09-10,Yes
Solenopsis invicta,NL,2023-09-17,Yes
Solenopsis invicta,PL,2017-12-10,Yes
Solenopsis invicta,PL,2022-11-27,Yes
Solenopsis invicta,PL,2023-09-10,Yes
Solenopsis invicta,PL,2023-09-17,Yes
Solenopsis invicta,PT,2017-02-19,Yes
Solenopsis invicta,PT,2023-05-14,Yes
Solenopsis invicta,PT,2023-09-10,Yes
Solenopsis invicta,PT,2023-09-24,Yes
Solenopsis invicta,RO,2018-05-06,Yes
Solenopsis invicta,RO,2022-05-01,Yes
Solenopsis invicta,RO,2023-09-10,Yes
Solenopsis invicta,RO,2024-07-07,Yes
Solenopsis invicta,SE,2020-03-29,Yes
Solenopsis invicta,SE,2020-07-05,Yes
Solenopsis invicta,SE,2020-07-19,Yes
Solenopsis invicta,SI,2017-12-10,Yes
Solenopsis invicta,SI,2024-09-29,Yes
Solenopsis invicta,SK,2016-12-25,Yes
Solenopsis richteri,AT,2018-09-16,Yes
Solenopsis richteri,BE,2020-04-05,Yes
Solenopsis richteri,BG,2016-02-21,Yes
Solenopsis richteri,BG,2022-03-13,Yes
Solenopsis richteri,BG,2023-11-05,Yes
Solenopsis richteri,CY,2018-05-13,Yes
Solenopsis richteri,CY,2021-10-31,Yes
Solenopsis richteri,CZ,2018-04-01,Yes
Solenopsis richteri,CZ,2020-01-19,Yes
Solenopsis richteri,DE,2024-09-15,Yes
Solenopsis richteri,DK,2016-12-25,Yes
Solenopsis richteri,EE,2018-03-25,Yes
Solenopsis richteri,EE,2024-04-14,Yes
Solenopsis richteri,ES,2016-07-03,Yes
Solenopsis richteri,ES,2022-05-22,Yes
Solenopsis richteri,FI,2022-08-14,Yes
Solenopsis richteri,FR,2020-11-22,Yes
Solenopsis richteri,GB,2020-01-19,Yes
Solenopsis richteri,GB,2021-09-19,Yes
Solenopsis richteri,GR,2016-06-19,Yes
Solenopsis richteri,GR,2018-08-12,Yes
Solenopsis richteri,GR,2021-06-13,Yes
Solenopsis richteri,HR,2020-02-02,Yes
Solenopsis richteri,HR,2020-05-10,Yes
Solenopsis richteri,HR,2023-04-09,Yes
Solenopsis richteri,HR,2024-04-28,Yes
Solenopsis richteri,HU,2019-12-08,Yes
Solenopsis richteri,HU,2020-12-06,Yes
Solenopsis richteri,IE,2017-06-11,Yes
Solenopsis richteri,IE,2019-02-03,Yes
Solenopsis richteri,IT,2016-11-06,Yes
Solenopsis richteri,IT,2023-09-24,Yes
Solenopsis richteri,LT,2016-06-19,Yes
Solenopsis richteri,LT,2021-02-07,Yes
Solenopsis richteri,LV,2019-05-12,Yes
Solenopsis richteri,MT,2017-01-22,Yes
Solenopsis richteri,MT,2018-05-13,Yes
Solenopsis richteri,NL,2019-10-06,Yes
Solenopsis richteri,PL,2021-12-26,Yes
Solenopsis richteri,PT,2017-01-01,Yes
Solenopsis richteri,RO,2021-02-07,Yes
Solenopsis richteri,SE,2023-07-09,Yes
Solenopsis richteri,SK,2018-02-11,Yes
Solenopsis richteri,SK,2021-12-26,Yes
Solenopsis richteri,SK,2023-09-03,Yes
Tamias sibiricus,AT,2022-02-06,Yes
Tamias sibiricus,BE,2016-01-03,Yes
Tamias sibiricus,BE,2019-04-28,Yes
Tamias sibiricus,BE,2020-08-16,Yes
Tamias sibiricus,BE,2023-04-02,Yes
Tamias sibiricus,BG,2017-07-16,Yes
Tamias sibiricus,BG,2023-02-26,Yes
Tamias sibiricus,CY,2019-04-14,Yes
Tamias sibiricus,CY,2020-04-26,Yes
Tamias sibiricus,CZ,2015-12-27,Yes
Tamias sibiricus,CZ,2016-07-31,Yes
Tamias sibiricus,CZ,2017-01-22,Yes
Tamias sibiricus,CZ,2017-02-19,Yes
Tamias sibiricus,DE,2016-08-28,Yes
Tamias sibiricus,DE,2018-04-29,Yes
Tamias sibiricus,DE,2019-07-28,Yes
Tamias sibiricus,DE,2019-09-08,Yes
Tamias sibiricus,DK,2016-06-26,Yes
Tamias sibiricus,DK,2019-12-15,Yes
Tamias sibiricus,DK,2023-06-04,Yes
Tamias sibiricus,DK,2024-07-07,Yes
Tamias sibiricus,EE,2016-12-04,Yes
Tamias sibiricus,ES,2017-08-13,Yes
Tamias sibiricus,ES,2018-12-02,Yes
Tamias sibiricus,ES,2018-12-30,Yes
Tamias sibiricus,ES,2020-08-16,Yes
Tamias sibiricus,FI,2016-03-27,Yes
Tamias sibiricus,FI,2020-03-08,Yes
Tamias sibiricus,FR,2017-09-17,Yes
Tamias sibiricus,FR,2017-10-01,Yes
Tamias sibiricus,FR,2017-10-22,Yes
Tamias sibiricus,FR,2017-11-26,Yes
Tamias sibiricus,GB,2016-01-03,Yes
Tamias sibiricus,GB,2017-01-15,Yes
Tamias sibiricus,GB,2021-02-21,Yes
Tamias sibiricus,GB,2024-04-21,Yes
Tamias sibiricus,GR,2017-03-19,Yes
Tamias sibiricus,HR,2021-09-12,Yes
Tamias sibiricus,HR,2023-06-04,Yes
Tamias sibiricus,HU,2016-11-20,Yes
Tamias sibiricus,HU,2017-02-05,Yes
Tamias sibiricus,HU,2018-05-20,Yes
Tamias sibiricus,IE,2018-09-02,Yes
Tamias sibiricus,IT,2018-11-25,Yes
Tamias sibiricus,IT,2019-10-20,Yes
Tamias sibiricus,IT,2022-08-28,Yes
Tamias sibiricus,LT,2021-05-02,Yes
Tamias sibiricus,LT,2024-02-18,Yes
Tamias sibiricus,LU,2016-07-24,Yes
Tamias sibiricus,LU,2024-03-03,Yes
Tamias sibiricus,LV,2016-03-13,Yes
Tamias sibiricus,LV,2022-06-26,Yes
Tamias sibiricus,MT,2020-05-17,Yes
Tamias sibiricus,MT,2020-08-02,Yes
Tamias sibiricus,MT,2021-11-14,Yes
Tamias sibiricus,MT,2023-08-13,Yes
Tamias sibiricus,NL,2016-03-06,Yes
Tamias sibiricus,NL,2016-04-10,Yes
Tamias sibiricus,NL,2017-05-14,Yes
Tamias sibiricus,NL,2023-10-08,Yes
Tamias sibiricus,PL,2018-03-18,Yes
Tamias sibiricus,PL,2019-03-31,Yes
Tamias sibiricus,PL,2019-12-29,Yes
Tamias sibiricus,PL,2020-04-12,Yes
Tamias sibiricus,RO,2016-02-14,Yes
Tamias sibiricus,RO,2016-10-23,Yes
Tamias sibiricus,RO,2022-02-06,Yes
Tamias sibiricus,RO,2022-11-27,Yes
Tamias sibiricus,SE,2018-07-15,Yes
Tamias sibiricus,SE,2019-05-05,Yes
Tamias sibiricus,SE,2023-08-06,Yes
Tamias sibiricus,SE,2023-10-22,Yes
Tamias sibiricus,SK,2018-10-21,Yes
Tamias sibiricus,SK,2018-10-28,Yes
Tamias sibiricus,SK,2020-02-09,Yes
Tamias sibiricus,SK,2020-02-16,Yes
Threskiornis aethiopicus,AT,2017-07-23,Yes
Threskiornis aethiopicus,AT,2017-09-10,Yes
Threskiornis aethiopicus,AT,2024-02-11,Yes
Threskiornis aethiopicus,BE,2019-04-28,Yes
Threskiornis aethiopicus,BE,2023-01-01,Yes
Threskiornis aethiopicus,BE,2023-07-09,Yes
Threskiornis aethiopicus,BE,2023-11-19,Yes
Threskiornis aethiopicus,BG,2016-09-11,Yes
Threskiornis aethiopicus,BG,2017-10-29,Yes
Threskiornis aethiopicus,BG,2022-05-08,Yes
Threskiornis aethiopicus,DE,2021-06-27,Yes
Threskiornis aethiopicus,DE,2021-11-07,Yes
Threskiornis aethiopicus,DE,2021-11-14,Yes
Threskiornis aethiopicus,DK,2020-05-03,Yes
Threskiornis aethiopicus,DK,2022-04-17,Yes
Threskiornis aethiopicus,EE,2019-03-03,Yes
Threskiornis aethiopicus,EE,2023-03-12,Yes
Threskiornis aethiopicus,ES,2020-01-19,Yes
Threskiornis aethiopicus,ES,2022-11-06,Yes
Threskiornis aethiopicus,ES,2023-08-13,Yes
Threskiornis aethiopicus,ES,2024-07-07,Yes
Threskiornis aethiopicus,FR,2016-07-10,Yes
Threskiornis aethiopicus,FR,2017-01-01,Yes
Threskiornis aethiopicus,FR,2017-03-26,Yes
Threskiornis aethiopicus,FR,2024-05-12,Yes
Threskiornis aethiopicus,GB,2017-03-05,Yes
Threskiornis aethiopicus,GB,2018-04-15,Yes
Threskiornis aethiopicus,GB,2019-04-21,Yes
Threskiornis aethiopicus,GB,2023-09-10,Yes
Threskiornis aethiopicus,HR,2023-10-01,Yes
Threskiornis aethiopicus,HU,2019-06-02,Yes
Threskiornis aethiopicus,IT,2020-12-27,Yes
Threskiornis aethiopicus,IT,2023-08-20,Yes
Threskiornis aethiopicus,IT,2024-01-21,Yes
Threskiornis aethiopicus,IT,2024-02-04,Yes
Threskiornis aethiopicus,LU,2021-10-10,Yes
Threskiornis aethiopicus,LU,2024-06-23,Yes
Threskiornis aethiopicus,LV,2019-09-01,Yes
Threskiornis aethiopicus,LV,2022-08-07,Yes
Threskiornis aethiopicus,LV,2024-02-04,Yes
Threskiornis aethiopicus,MT,2020-02-02,Yes
Threskiornis aethiopicus,NL,2017-02-26,Yes
Threskiornis aethiopicus,NL,2018-01-07,Yes
Threskiornis aethiopicus,NL,2018-02-18,Yes
Threskiornis aethiopicus,PL,2021-05-30,Yes
Threskiornis aethiopicus,PL,2021-09-26,Yes
Threskiornis aethiopicus,PL,2021-12-05,Yes
Threskiornis aethiopicus,PL,2021-12-26,Yes
Threskiornis aethiopicus,PT,2017-01-01,Yes
Threskiornis aethiopicus,PT,2019-02-03,Yes
Threskiornis aethiopicus,RO,2019-09-08,Yes
Threskiornis aethiopicus,RO,2020-01-05,Yes
Threskiornis aethiopicus,RO,2023-11-19,Yes
Threskiornis aethiopicus,SE,2015-12-27,Yes
Threskiornis aethiopicus,SE,2019-12-22,Yes
Threskiornis aethiopicus,SE,2021-07-04,Yes
Threskiornis aethiopicus,SE,2022-01-02,Yes
Threskiornis aethiopicus,SK,2019-09-08,Yes
Trachemys scripta,AT,2020-02-09,Yes
Trachemys scripta,AT,2020-04-26,Yes
Trachemys scripta,AT,2022-07-24,Yes
Trachemys scripta,AT,2023-04-16,Yes
Trachemys scripta,BE,2018-04-01,Yes
Trachemys scripta,BE,2024-03-03,Yes
Trachemys scripta,BG,2017-05-21,Yes
Trachemys scripta,BG,2021-12-19,Yes
Trachemys scripta,BG,2022-06-12,Yes
Trachemys scripta,BG,2024-01-28,Yes
Trachemys scripta,CY,2017-03-05,Yes
Trachemys scripta,CY,2018-07-01,Yes
Trachemys scripta,CY,2019-09-08,Yes
Trachemys scripta,CZ,2023-04-09,Yes
Trachemys scripta,DE,2016-06-12,Yes
Trachemys scripta,DE,2017-04-09,Yes
Trachemys scripta,DE,2020-07-12,Yes
Trachemys scripta,DE,2024-08-25,Yes
Trachemys scripta,DK,2019-12-01,Yes
Trachemys scripta,DK,2021-11-14,Yes
Trachemys scripta,DK,2022-12-11,Yes
Trachemys scripta,DK,2023-05-07,Yes
Trachemys scripta,EE,2023-12-31,Yes
Trachemys scripta,EE,2024-09-01,Yes
Trachemys scripta,ES,2018-03-25,Yes
Trachemys scripta,ES,2018-04-01,Yes
Trachemys scripta,ES,2018-04-15,Yes
Trachemys scripta,ES,2021-12-26,Yes
Trachemys scripta,FR,2018-07-29,Yes
Trachemys scripta,FR,2020-04-19,Yes
Trachemys scripta,FR,2020-10-18,Yes
Trachemys scripta,FR,2021-09-19,Yes
Trachemys scripta,GB,2016-12-04,Yes
Trachemys scripta,GB,2017-01-08,Yes
Trachemys scripta,GB,2017-03-05,Yes
Trachemys scripta,GB,2017-06-04,Yes
Trachemys scripta,GR,2016-04-24,Yes
Trachemys scripta,GR,2022-08-14,Yes
Trachemys scripta,HU,2017-03-26,Yes
Trachemys scripta,HU,2017-04-02,Yes
Trachemys scripta,HU,2017-08-20,Yes
Trachemys scripta,HU,2019-01-27,Yes
Trachemys scripta,IE,2023-04-16,Yes
Trachemys scripta,IT,2016-11-20,Yes
Trachemys scripta,IT,2016-11-27,Yes
Trachemys scripta,IT,2016-12-04,Yes
Trachemys scripta,IT,2016-12-18,Yes
Trachemys scripta,LT,2022-02-06,Yes
Trachemys scripta,LU,2020-09-27,Yes
Trachemys scripta,LU,2020-12-20,Yes
Trachemys scripta,LV,2017-02-19,Yes
Trachemys scripta,LV,2020-09-13,Yes
Trachemys scripta,MT,2024-04-07,Yes
Trachemys scripta,NL,2018-04-22,Yes
Trachemys scripta,NL,2022-04-10,Yes
Trachemys scripta,PL,2016-07-03,Yes
Trachemys scripta,PL,2017-12-17,Yes
Trachemys scripta,PL,2022-08-14,Yes
Trachemys scripta,PT,2018-09-02,Yes
Trachemys scripta,PT,2019-04-07,Yes
Trachemys scripta,PT,2020-05-17,Yes
Trachemys scripta,RO,2020-10-25,Yes
Trachemys scripta,RO,2022-10-23,Yes
Trachemys scripta,SE,2018-08-19,Yes
Trachemys scripta,SE,2023-07-02,Yes
Trachemys scripta,SE,2024-01-21,Yes
Trachemys scripta,SI,2019-10-13,Yes
Trachemys scripta,SK,2022-12-18,Yes
Trachemys scripta,SK,2023-06-18,Yes
Trachemys scripta,SK,2023-11-12,Yes
Trachemys scripta,SK,2024-01-14,Yes
Triadica sebifera,AT,2016-01-10,Yes
Triadica sebifera,AT,2019-07-21,Yes
Triadica sebifera,AT,2024-11-10,Yes
Triadica sebifera,BG,2021-03-21,Yes
Triadica sebifera,CZ,2021-08-15,Yes
Triadica sebifera,DE,2021-03-21,Yes
Triadica sebifera,DE,2023-04-23,Yes
Triadica sebifera,DE,2024-03-17,Yes
Triadica sebifera,DE,2024-08-25,Yes
Triadica sebifera,DK,2022-11-13,Yes
Triadica sebifera,DK,2024-06-09,Yes
Triadica sebifera,EE,2018-11-18,Yes
Triadica sebifera,FI,2016-07-31,Yes
Triadica sebifera,FR,2021-10-31,Yes
Triadica sebifera,FR,2024-03-10,Yes
Triadica sebifera,GB,2016-03-27,Yes
Triadica sebifera,GB,2016-08-21,Yes
Triadica sebifera,GB,2023-12-17,Yes
Triadica sebifera,GB,2023-12-24,Yes
Triadica sebifera,GR,2022-07-31,Yes
Triadica sebifera,GR,2023-01-22,Yes
Triadica sebifera,HR,2022-09-04,Yes
Triadica sebifera,HU,2020-06-21,Yes
Triadica sebifera,HU,2022-07-10,Yes
Triadica sebifera,LU,2016-01-31,Yes
Triadica sebifera,LU,2019-03-31,Yes
Triadica sebifera,LU,2022-02-27,Yes
Triadica sebifera,MT,2016-01-31,Yes
Triadica sebifera,MT,2020-12-27,Yes
Triadica sebifera,NL,2016-10-09,Yes
Triadica sebifera,NL,2017-11-26,Yes
Triadica sebifera,NL,2019-03-17,Yes
Triadica sebifera,NL,2022-09-04,Yes
Triadica sebifera,PL,2017-05-14,Yes
Triadica sebifera,PL,2017-08-13,Yes
Triadica sebifera,PL,2024-04-28,Yes
Triadica sebifera,PT,2017-04-02,Yes
Triadica sebifera,RO,2023-04-02,Yes
Triadica sebifera,SE,2023-10-29,Yes
Triadica sebifera,SK,2017-04-23,Yes
Triadica sebifera,SK,2018-05-20,Yes
Triadica sebifera,SK,2023-05-21,Yes
Triadica sebifera,SK,2024-12-29,Yes
Vespa velutina nigrithorax,AT,2023-08-20,Yes
Vespa velutina nigrithorax,AT,2024-04-07,Yes
Vespa velutina nigrithorax,AT,2024-04-14,Yes
Vespa velutina nigrithorax,AT,2024-04-28,Yes
Vespa velutina nigrithorax,BE,2022-07-24,Yes
Vespa velutina nigrithorax,BE,2022-08-07,Yes
Vespa velutina nigrithorax,BE,2023-05-14,Yes
Vespa velutina nigrithorax,BE,2023-05-21,Yes
Vespa velutina nigrithorax,BG,2018-03-18,Yes
Vespa velutina nigrithorax,BG,2021-07-18,Yes
Vespa velutina nigrithorax,BG,2023-11-19,Yes
Vespa velutina nigrithorax,CY,2018-04-08,Yes
Vespa velutina nigrithorax,CZ,2019-06-23,Yes
Vespa velutina nigrithorax,CZ,2023-10-01,Yes
Vespa velutina nigrithorax,CZ,2023-10-08,Yes
Vespa velutina nigrithorax,CZ,2024-08-04,Yes
Vespa velutina nigrithorax,DE,2023-05-28,Yes
Vespa velutina nigrithorax,DE,2023-06-04,Yes
Vespa velutina nigrithorax,DE,2024-03-17,Yes
Vespa velutina nigrithorax,DE,2024-05-12,Yes
Vespa velutina nigrithorax,DK,2022-07-10,Yes
Vespa velutina nigrithorax,DK,2024-05-19,Yes
Vespa velutina nigrithorax,EE,2022-09-11,Yes
Vespa velutina nigrithorax,ES,2018-07-15,Yes
Vespa velutina nigrithorax,ES,2018-07-22,Yes
Vespa velutina nigrithorax,ES,2018-07-29,Yes
Vespa velutina nigrithorax,ES,2020-05-10,Yes
Vespa velutina nigrithorax,FI,2018-05-13,Yes
Vespa velutina nigrithorax,FR,2018-08-19,Yes
Vespa velutina nigrithorax,FR,2018-09-09,Yes
Vespa velutina nigrithorax,FR,2018-09-16,Yes
Vespa velutina nigrithorax,FR,2020-08-09,Yes
Vespa velutina nigrithorax,GB,2023-09-03,Yes
Vespa velutina nigrithorax,GB,2023-09-10,Yes
Vespa velutina nigrithorax,GB,2024-05-19,Yes
Vespa velutina nigrithorax,GB,2024-06-02,Yes
Vespa velutina nigrithorax,GR,2016-06-05,Yes
Vespa velutina nigrithorax,GR,2020-05-03,Yes
Vespa velutina nigrithorax,GR,2024-04-28,Yes
Vespa velutina nigrithorax,GR,2024-09-22,Yes
Vespa velutina nigrithorax,HR,2016-09-04,Yes
Vespa velutina nigrithorax,HR,2016-09-11,Yes
Vespa velutina nigrithorax,HR,2018-04-01,Yes
Vespa velutina nigrithorax,HR,2024-05-19,Yes
Vespa velutina nigrithorax,HU,2023-08-27,Yes
Vespa velutina nigrithorax,HU,2023-09-03,Yes
Vespa velutina nigrithorax,HU,2023-09-10,Yes
Vespa velutina nigrithorax,HU,2023-10-08,Yes
Vespa velutina nigrithorax,IE,2020-05-17,Yes
Vespa velutina nigrithorax,IE,2021-05-02,Yes
Vespa velutina nigrithorax,IE,2021-05-30,Yes
Vespa velutina nigrithorax,IE,2024-05-19,Yes
Vespa velutina nigrithorax,IT,2020-05-03,Yes
Vespa velutina nigrithorax,IT,2020-05-10,Yes
Vespa velutina nigrithorax,IT,2020-05-17,Yes
Vespa velutina nigrithorax,IT,2024-05-12,Yes
Vespa velutina nigrithorax,LT,2020-10-18,Yes
Vespa velutina nigrithorax,LU,2016-07-24,Yes
Vespa velutina nigrithorax,LU,2019-05-26,Yes
Vespa velutina nigrithorax,LU,2020-09-27,Yes
Vespa velutina nigrithorax,LU,2024-06-02,Yes
Vespa velutina nigrithorax,MT,2020-06-07,Yes
Vespa velutina nigrithorax,NL,2017-08-27,Yes
Vespa velutina nigrithorax,NL,2019-05-19,Yes
Vespa velutina nigrithorax,NL,2021-07-04,Yes
Vespa velutina nigrithorax,NL,2023-05-28,Yes
Vespa velutina nigrithorax,PL,2019-03-03,Yes
Vespa velutina nigrithorax,PL,2019-06-09,Yes
Vespa velutina nigrithorax,PL,2021-12-05,Yes
Vespa velutina nigrithorax,PL,2023-06-11,Yes
Vespa velutina nigrithorax,PT,2019-08-25,Yes
Vespa velutina nigrithorax,PT,2019-09-01,Yes
Vespa velutina nigrithorax,PT,2019-09-15,Yes
Vespa velutina nigrithorax,PT,2019-09-22,Yes
Vespa velutina nigrithorax,RO,2019-03-24,Yes
Vespa velutina nigrithorax,RO,2022-10-23,Yes
Vespa velutina nigrithorax,SE,2018-03-18,Yes
Vespa velutina nigrithorax,SE,2020-05-31,Yes
Vespa velutina nigrithorax,SE,2020-06-07,Yes
Vespa velutina nigrithorax,SE,2024-02-11,Yes
Vespa velutina nigrithorax,SI,2017-12-17,Yes
Vespa velutina nigrithorax,SI,2022-07-10,Yes
Vespa velutina nigrithorax,SI,2024-05-19,Yes
Vespa velutina nigrithorax,SI,2024-09-15,Yes
Vespa velutina nigrithorax,SK,2023-10-01,Yes
Vespa velutina nigrithorax,SK,2024-03-31,Yes
Vespa velutina nigrithorax,SK,2024-09-29,Yes
Vespa velutina nigrithorax,SK,2024-10-06,Yes
Wasmannia auropunctata,BE,2019-07-28,Yes
Wasmannia auropunctata,BE,2022-07-17,Yes
Wasmannia auropunctata,BE,2022-10-16,Yes
Wasmannia auropunctata,BE,2024-05-19,Yes
Wasmannia auropunctata,BG,2022-10-02,Yes
Wasmannia auropunctata,CY,2019-03-24,Yes
Wasmannia auropunctata,CY,2019-05-12,Yes
Wasmannia auropunctata,CY,2020-12-06,Yes
Wasmannia auropunctata,CY,2023-01-29,Yes
Wasmannia auropunctata,EE,2019-05-19,Yes
Wasmannia auropunctata,EE,2022-07-31,Yes
Wasmannia auropunctata,EE,2024-12-15,Yes
Wasmannia auropunctata,ES,2019-09-22,Yes
Wasmannia auropunctata,ES,2022-06-19,Yes
Wasmannia auropunctata,ES,2024-05-12,Yes
Wasmannia auropunctata,ES,2024-07-14,Yes
Wasmannia auropunctata,FR,2022-10-16,Yes
Wasmannia auropunctata,FR,2022-10-23,Yes
Wasmannia auropunctata,FR,2024-11-17,Yes
Wasmannia auropunctata,FR,2024-11-24,Yes
Wasmannia auropunctata,GB,2017-05-07,Yes
Wasmannia auropunctata,GB,2018-06-24,Yes
Wasmannia auropunctata,GB,2018-07-01,Yes
Wasmannia auropunctata,GR,2023-11-19,Yes
Wasmannia auropunctata,HR,2016-08-07,Yes
Wasmannia auropunctata,HR,2019-10-20,Yes
Wasmannia auropunctata,HR,2021-09-12,Yes
Wasmannia auropunctata,HR,2023-01-01,Yes
Wasmannia auropunctata,HU,2020-01-05,Yes
Wasmannia auropunctata,HU,2022-03-20,Yes
Wasmannia auropunctata,HU,2023-01-15,Yes
Wasmannia auropunctata,HU,2024-08-25,Yes
Wasmannia auropunctata,IT,2016-04-17,Yes
Wasmannia auropunctata,IT,2021-02-21,Yes
Wasmannia auropunctata,IT,2023-03-26,Yes
Wasmannia auropunctata,IT,2023-07-30,Yes
Wasmannia auropunctata,LT,2017-04-02,Yes
Wasmannia auropunctata,LU,2021-01-31,Yes
Wasmannia auropunctata,LU,2023-01-22,Yes
Wasmannia auropunctata,LU,2023-04-23,Yes
Wasmannia auropunctata,MT,2022-07-03,Yes
Wasmannia auropunctata,MT,2024-06-16,Yes
Wasmannia auropunctata,NL,2016-09-25,Yes
Wasmannia auropunctata,NL,2016-11-13,Yes
Wasmannia auropunctata,NL,2018-07-22,Yes
Wasmannia auropunctata,NL,2021-03-07,Yes
Wasmannia auropunctata,PT,2019-03-17,Yes
Wasmannia auropunctata,RO,2017-02-26,Yes
Wasmannia auropunctata,RO,2020-04-05,Yes
Wasmannia auropunctata,SE,2021-12-26,Yes
Wasmannia auropunctata,SI,2020-01-12,Yes
Wasmannia auropunctata,SK,2018-01-21,Yes
Wasmannia auropunctata,SK,2018-03-25,Yes
Xenopus laevis,AT,2019-06-23,Yes
Xenopus laevis,AT,2019-11-17,Yes
Xenopus laevis,AT,2021-03-14,Yes
Xenopus laevis,AT,2021-04-18,Yes
Xenopus laevis,BE,2023-05-14,Yes
Xenopus laevis,BG,2016-02-14,Yes
Xenopus laevis,CY,2016-08-28,Yes
Xenopus laevis,CY,2018-12-16,Yes
Xenopus laevis,CY,2021-09-05,Yes
Xenopus laevis,CZ,2018-10-07,Yes
Xenopus laevis,CZ,2019-06-16,Yes
Xenopus laevis,CZ,2022-10-02,Yes
Xenopus laevis,CZ,2024-12-15,Yes
Xenopus laevis,DE,2017-10-15,Yes
Xenopus laevis,DE,2021-03-21,Yes
Xenopus laevis,DE,2022-07-10,Yes
Xenopus laevis,DE,2024-08-25,Yes
Xenopus laevis,DK,2017-10-01,Yes
Xenopus laevis,EE,2019-07-21,Yes
Xenopus laevis,EE,2023-11-12,Yes
Xenopus laevis,EE,2024-05-19,Yes
Xenopus laevis,ES,2016-10-09,Yes
Xenopus laevis,ES,2020-01-12,Yes
Xenopus laevis,ES,2021-03-21,Yes
Xenopus laevis,ES,2022-05-01,Yes
Xenopus laevis,FR,2022-02-06,Yes
Xenopus laevis,FR,2022-12-25,Yes
Xenopus laevis,FR,2024-11-17,Yes
Xenopus laevis,FR,2024-11-24,Yes
Xenopus laevis,GB,2020-12-27,Yes
Xenopus laevis,GB,2021-03-14,Yes
Xenopus laevis,GB,2021-03-21,Yes
Xenopus laevis,GB,2021-03-28,Yes
Xenopus laevis,HR,2018-08-12,Yes
Xenopus laevis,HR,2021-08-22,Yes
Xenopus laevis,HR,2024-12-08,Yes
Xenopus laevis,HU,2017-12-31,Yes
Xenopus laevis,IE,2018-09-23,Yes
Xenopus laevis,IT,2019-03-31,Yes
Xenopus laevis,IT,2020-01-19,Yes
Xenopus laevis,IT,2021-03-14,Yes
Xenopus laevis,IT,2021-03-21,Yes
Xenopus laevis,LT,2017-09-17,Yes
Xenopus laevis,LT,2020-10-25,Yes
Xenopus laevis,LT,2021-08-29,Yes
Xenopus laevis,LU,2019-09-15,Yes
Xenopus laevis,MT,2020-04-12,Yes
Xenopus laevis,MT,2020-05-31,Yes
Xenopus laevis,MT,2021-02-28,Yes
Xenopus laevis,MT,2021-12-19,Yes
Xenopus laevis,NL,2018-04-22,Yes
Xenopus laevis,NL,2019-02-17,Yes
Xenopus laevis,NL,2021-02-14,Yes
Xenopus laevis,NL,2021-03-21,Yes
Xenopus laevis,PL,2016-11-13,Yes
Xenopus laevis,PL,2024-07-21,Yes
Xenopus laevis,PL,2024-07-28,Yes
Xenopus laevis,PL,2024-09-22,Yes
Xenopus laevis,PT,2020-07-19,Yes
Xenopus laevis,RO,2016-08-07,Yes
Xenopus laevis,SE,2018-09-09,Yes
Xenopus laevis,SE,2020-12-13,Yes
Xenopus laevis,SE,2022-07-31,Yes
Xenopus laevis,SE,2024-01-28,Yes
Xenopus laevis,SI,2016-07-31,Yes
Xenopus laevis,SI,2018-06-17,Yes
Xenopus laevis,SI,2019-03-24,Yes
Xenopus laevis,SI,2021-12-26,Yes
Xenopus laevis,SK,2020-02-02,Yes
Xenopus laevis,SK,2022-04-24,Yes
Xenopus laevis,SK,2022-10-02,Yes
